file_path,relative_path,class_label,file_extension,split_assigned,file_size_bytes,sha256_hash,width,height,color_mode,aspect_ratio,channels,phash,dhash,is_valid,error_flag,image_format,file_count,split_count,class_count,cross_split,label_conflict
C:\Users\pedro\Desktop\Projeto do TCC\Brain Tumor MRI Dataset\Testing\glioma\Te-gl_32.jpg,Testing/glioma/Te-gl_32.jpg,glioma,.jpg,test,17778,04aa41d8514362877d7f8fd81e543bc8584e4a6ba1ac025c2f37515f32abd9b0,249,238,RGB,1.046218487394958,3,801f157e5bda9a98,68c6abc9494dad9a,True,,JPEG,2,1,1,False,False
C:\Users\pedro\Desktop\Projeto do TCC\Brain Tumor MRI Dataset\Testing\glioma\Te-gl_389.jpg,Testing/glioma/Te-gl_389.jpg,glioma,.jpg,test,17778,04aa41d8514362877d7f8fd81e543bc8584e4a6ba1ac025c2f37515f32abd9b0,249,238,RGB,1.046218487394958,3,801f157e5bda9a98,68c6abc9494dad9a,True,,JPEG,2,1,1,False,False
C:\Users\pedro\Desktop\Projeto do TCC\Brain Tumor MRI Dataset\Training\notumor\Tr-no_1046.jpg,Training/notumor/Tr-no_1046.jpg,notumor,.jpg,train,35982,05ec18666c6b751b8845a93824ea25c9bb251606b71f76c0c3875d69e973f72d,354,443,RGB,0.7990970654627539,3,c23b3fe22cc13497,31f8e8e8e8e8e870,True,,JPEG,2,1,1,False,False
C:\Users\pedro\Desktop\Projeto do TCC\Brain Tumor MRI Dataset\Training\notumor\Tr-no_454.jpg,Training/notumor/Tr-no_454.jpg,notumor,.jpg,train,35982,05ec18666c6b751b8845a93824ea25c9bb251606b71f76c0c3875d69e973f72d,354,443,RGB,0.7990970654627539,3,c23b3fe22cc13497,31f8e8e8e8e8e870,True,,JPEG,2,1,1,False,False
C:\Users\pedro\Desktop\Projeto do TCC\Brain Tumor MRI Dataset\Training\meningioma\Tr-aug-me_97.jpg,Training/meningioma/Tr-aug-me_97.jpg,meningioma,.jpg,train,26954,089a7ad8107e9ef50fc7c35e7407b18fcda170be3707749807a059a5cb46b3a8,512,512,L,1.0,1,81de4e8b5e8e3a4c,e0ccaaf2b2cec4c4,True,,JPEG,2,1,1,False,False
C:\Users\pedro\Desktop\Projeto do TCC\Brain Tumor MRI Dataset\Training\meningioma\Tr-me_532.jpg,Training/meningioma/Tr-me_532.jpg,meningioma,.jpg,train,26954,089a7ad8107e9ef50fc7c35e7407b18fcda170be3707749807a059a5cb46b3a8,512,512,L,1.0,1,81de4e8b5e8e3a4c,e0ccaaf2b2cec4c4,True,,JPEG,2,1,1,False,False
C:\Users\pedro\Desktop\Projeto do TCC\Brain Tumor MRI Dataset\Training\meningioma\Tr-me_1101.jpg,Training/meningioma/Tr-me_1101.jpg,meningioma,.jpg,train,21706,09b9031e30e757eb6e648686f0ca412357e86895ebbc52d300d2d0a9305fd417,512,512,RGB,1.0,3,97876a4c619b256d,b060dcd8e0d479b2,True,,JPEG,2,1,1,False,False
C:\Users\pedro\Desktop\Projeto do TCC\Brain Tumor MRI Dataset\Training\meningioma\Tr-me_836.jpg,Training/meningioma/Tr-me_836.jpg,meningioma,.jpg,train,21706,09b9031e30e757eb6e648686f0ca412357e86895ebbc52d300d2d0a9305fd417,512,512,RGB,1.0,3,97876a4c619b256d,b060dcd8e0d479b2,True,,JPEG,2,1,1,False,False
C:\Users\pedro\Desktop\Projeto do TCC\Brain Tumor MRI Dataset\Training\meningioma\Tr-aug-me_89.jpg,Training/meningioma/Tr-aug-me_89.jpg,meningioma,.jpg,train,14066,0f673459b5dba7f9dab9a6a32309e2c89ddf4bb9b799d3350f56c33e8cc8b2d3,512,512,L,1.0,1,966d699631cb9398,c4b269f4dcecf092,True,,JPEG,2,1,1,False,False
C:\Users\pedro\Desktop\Projeto do TCC\Brain Tumor MRI Dataset\Training\meningioma\Tr-me_889.jpg,Training/meningioma/Tr-me_889.jpg,meningioma,.jpg,train,14066,0f673459b5dba7f9dab9a6a32309e2c89ddf4bb9b799d3350f56c33e8cc8b2d3,512,512,L,1.0,1,966d699631cb9398,c4b269f4dcecf092,True,,JPEG,2,1,1,False,False
C:\Users\pedro\Desktop\Projeto do TCC\Brain Tumor MRI Dataset\Training\notumor\Tr-no_1330.jpg,Training/notumor/Tr-no_1330.jpg,notumor,.jpg,train,28639,1180fefcd5ba2a8f43c541c3158c3d6b3edb8309eab8dc9c61f109d10d5b5050,468,444,RGB,1.054054054054054,3,c22f2b343f603f70,70f1e8e8a8c4d4c9,True,,JPEG,2,1,1,False,False
C:\Users\pedro\Desktop\Projeto do TCC\Brain Tumor MRI Dataset\Training\notumor\Tr-no_825.jpg,Training/notumor/Tr-no_825.jpg,notumor,.jpg,train,28639,1180fefcd5ba2a8f43c541c3158c3d6b3edb8309eab8dc9c61f109d10d5b5050,468,444,RGB,1.054054054054054,3,c22f2b343f603f70,70f1e8e8a8c4d4c9,True,,JPEG,2,1,1,False,False
C:\Users\pedro\Desktop\Projeto do TCC\Brain Tumor MRI Dataset\Training\notumor\Tr-no_1021.jpg,Training/notumor/Tr-no_1021.jpg,notumor,.jpg,train,37052,14963471b7c2744df51c1da54f4e519cecc34aa12944f1968620da1d36d2c5c2,339,415,RGB,0.8168674698795181,3,804a4ba93fb57c96,e1d4b4b6b2b2d4e9,True,,JPEG,2,1,1,False,False
C:\Users\pedro\Desktop\Projeto do TCC\Brain Tumor MRI Dataset\Training\notumor\Tr-no_503.jpg,Training/notumor/Tr-no_503.jpg,notumor,.jpg,train,37052,14963471b7c2744df51c1da54f4e519cecc34aa12944f1968620da1d36d2c5c2,339,415,RGB,0.8168674698795181,3,804a4ba93fb57c96,e1d4b4b6b2b2d4e9,True,,JPEG,2,1,1,False,False
C:\Users\pedro\Desktop\Projeto do TCC\Brain Tumor MRI Dataset\Training\pituitary\Tr-pi_246.jpg,Training/pituitary/Tr-pi_246.jpg,pituitary,.jpg,train,16405,14a873e8998c4a88896fd7be1155eeaf656b88209c8e9fcf7db731de3478484c,225,225,RGB,1.0,3,805b2f867aa97b26,f0e8bab2a8a8a2ea,True,,JPEG,3,1,1,False,False
C:\Users\pedro\Desktop\Projeto do TCC\Brain Tumor MRI Dataset\Training\pituitary\Tr-pi_698.jpg,Training/pituitary/Tr-pi_698.jpg,pituitary,.jpg,train,16405,14a873e8998c4a88896fd7be1155eeaf656b88209c8e9fcf7db731de3478484c,225,225,RGB,1.0,3,805b2f867aa97b26,f0e8bab2a8a8a2ea,True,,JPEG,3,1,1,False,False
C:\Users\pedro\Desktop\Projeto do TCC\Brain Tumor MRI Dataset\Training\pituitary\Tr-pi_969.jpg,Training/pituitary/Tr-pi_969.jpg,pituitary,.jpg,train,16405,14a873e8998c4a88896fd7be1155eeaf656b88209c8e9fcf7db731de3478484c,225,225,RGB,1.0,3,805b2f867aa97b26,f0e8bab2a8a8a2ea,True,,JPEG,3,1,1,False,False
C:\Users\pedro\Desktop\Projeto do TCC\Brain Tumor MRI Dataset\Training\notumor\Tr-no_1281.jpg,Training/notumor/Tr-no_1281.jpg,notumor,.jpg,train,14699,1760da4ac516c8564bf06bc349176a1463dbb49f4de7b6d0b986ff015b96bd62,200,252,RGB,0.7936507936507936,3,d0161ffa7a962951,e8cccc8c8e96ccf0,True,,JPEG,2,1,1,False,False
C:\Users\pedro\Desktop\Projeto do TCC\Brain Tumor MRI Dataset\Training\notumor\Tr-no_550.jpg,Training/notumor/Tr-no_550.jpg,notumor,.jpg,train,14699,1760da4ac516c8564bf06bc349176a1463dbb49f4de7b6d0b986ff015b96bd62,200,252,RGB,0.7936507936507936,3,d0161ffa7a962951,e8cccc8c8e96ccf0,True,,JPEG,2,1,1,False,False
C:\Users\pedro\Desktop\Projeto do TCC\Brain Tumor MRI Dataset\Testing\glioma\Te-gl_171.jpg,Testing/glioma/Te-gl_171.jpg,glioma,.jpg,test,28239,177abe5e79819aaca240e172e350d26a7b6e4d12c1c4c9f5a16c6cbb2e2a650d,310,380,RGB,0.8157894736842105,3,c687053f1abc8fb0,6ccced657568a6f0,True,,JPEG,2,1,1,False,False
C:\Users\pedro\Desktop\Projeto do TCC\Brain Tumor MRI Dataset\Testing\glioma\Te-gl_228.jpg,Testing/glioma/Te-gl_228.jpg,glioma,.jpg,test,28239,177abe5e79819aaca240e172e350d26a7b6e4d12c1c4c9f5a16c6cbb2e2a650d,310,380,RGB,0.8157894736842105,3,c687053f1abc8fb0,6ccced657568a6f0,True,,JPEG,2,1,1,False,False
C:\Users\pedro\Desktop\Projeto do TCC\Brain Tumor MRI Dataset\Training\notumor\Tr-no_1244.jpg,Training/notumor/Tr-no_1244.jpg,notumor,.jpg,train,14368,17bd1588f84aafbccb846c974ae1f24cef5ce6f0fc0f32a4417af50bfe9f52cd,201,251,RGB,0.8007968127490039,3,91971ed87a24795c,70d0d4d6b0d2f0f0,True,,JPEG,3,1,1,False,False
C:\Users\pedro\Desktop\Projeto do TCC\Brain Tumor MRI Dataset\Training\notumor\Tr-no_1392.jpg,Training/notumor/Tr-no_1392.jpg,notumor,.jpg,train,14368,17bd1588f84aafbccb846c974ae1f24cef5ce6f0fc0f32a4417af50bfe9f52cd,201,251,RGB,0.8007968127490039,3,91971ed87a24795c,70d0d4d6b0d2f0f0,True,,JPEG,3,1,1,False,False
C:\Users\pedro\Desktop\Projeto do TCC\Brain Tumor MRI Dataset\Training\notumor\Tr-no_781.jpg,Training/notumor/Tr-no_781.jpg,notumor,.jpg,train,14368,17bd1588f84aafbccb846c974ae1f24cef5ce6f0fc0f32a4417af50bfe9f52cd,201,251,RGB,0.8007968127490039,3,91971ed87a24795c,70d0d4d6b0d2f0f0,True,,JPEG,3,1,1,False,False
C:\Users\pedro\Desktop\Projeto do TCC\Brain Tumor MRI Dataset\Testing\glioma\Te-gl_177.jpg,Testing/glioma/Te-gl_177.jpg,glioma,.jpg,test,25760,192cb19f45e0c2f320174ae32077f828514d07d101a3042b1064776e6bc28cd6,512,512,RGB,1.0,3,96d3396c61c566c9,92f8e8e8e8e4f092,True,,JPEG,2,1,1,False,False
C:\Users\pedro\Desktop\Projeto do TCC\Brain Tumor MRI Dataset\Testing\glioma\Te-gl_36.jpg,Testing/glioma/Te-gl_36.jpg,glioma,.jpg,test,25760,192cb19f45e0c2f320174ae32077f828514d07d101a3042b1064776e6bc28cd6,512,512,RGB,1.0,3,96d3396c61c566c9,92f8e8e8e8e4f092,True,,JPEG,2,1,1,False,False
C:\Users\pedro\Desktop\Projeto do TCC\Brain Tumor MRI Dataset\Training\pituitary\Tr-pi_1309.jpg,Training/pituitary/Tr-pi_1309.jpg,pituitary,.jpg,train,34589,1bbe995f377f1eb224e2a963238bbfacf7bf49a3d7219bbc3dd781b5c34e4fb8,512,512,RGB,1.0,3,c03d2bf42d693666,b2e8d0d4ccccd469,True,,JPEG,2,1,1,False,False
C:\Users\pedro\Desktop\Projeto do TCC\Brain Tumor MRI Dataset\Training\pituitary\Tr-pi_261.jpg,Training/pituitary/Tr-pi_261.jpg,pituitary,.jpg,train,34589,1bbe995f377f1eb224e2a963238bbfacf7bf49a3d7219bbc3dd781b5c34e4fb8,512,512,RGB,1.0,3,c03d2bf42d693666,b2e8d0d4ccccd469,True,,JPEG,2,1,1,False,False
C:\Users\pedro\Desktop\Projeto do TCC\Brain Tumor MRI Dataset\Training\notumor\Tr-no_1267.jpg,Training/notumor/Tr-no_1267.jpg,notumor,.jpg,train,17506,1e1a27e88f2812b4b950fca09bf5f4b8fe20514826756ac69b37b43c0c73214b,236,236,RGB,1.0,3,954a46797aa67859,78dcf8ec989eceee,True,,JPEG,3,1,1,False,False
C:\Users\pedro\Desktop\Projeto do TCC\Brain Tumor MRI Dataset\Training\notumor\Tr-no_380.jpg,Training/notumor/Tr-no_380.jpg,notumor,.jpg,train,17506,1e1a27e88f2812b4b950fca09bf5f4b8fe20514826756ac69b37b43c0c73214b,236,236,RGB,1.0,3,954a46797aa67859,78dcf8ec989eceee,True,,JPEG,3,1,1,False,False
C:\Users\pedro\Desktop\Projeto do TCC\Brain Tumor MRI Dataset\Training\notumor\Tr-no_387.jpg,Training/notumor/Tr-no_387.jpg,notumor,.jpg,train,17506,1e1a27e88f2812b4b950fca09bf5f4b8fe20514826756ac69b37b43c0c73214b,236,236,RGB,1.0,3,954a46797aa67859,78dcf8ec989eceee,True,,JPEG,3,1,1,False,False
C:\Users\pedro\Desktop\Projeto do TCC\Brain Tumor MRI Dataset\Training\notumor\Tr-no_224.jpg,Training/notumor/Tr-no_224.jpg,notumor,.jpg,train,10180,20b0c7de1c131e75deff54e8f0c51eef6c48116cdcbf7bb1f47fc7e4c7f07ab1,225,225,RGB,1.0,3,c64f3fb07892612b,70f0d4d4d4d4f070,True,,JPEG,3,1,1,False,False
C:\Users\pedro\Desktop\Projeto do TCC\Brain Tumor MRI Dataset\Training\notumor\Tr-no_232.jpg,Training/notumor/Tr-no_232.jpg,notumor,.jpg,train,10180,20b0c7de1c131e75deff54e8f0c51eef6c48116cdcbf7bb1f47fc7e4c7f07ab1,225,225,RGB,1.0,3,c64f3fb07892612b,70f0d4d4d4d4f070,True,,JPEG,3,1,1,False,False
C:\Users\pedro\Desktop\Projeto do TCC\Brain Tumor MRI Dataset\Training\notumor\Tr-no_29.jpg,Training/notumor/Tr-no_29.jpg,notumor,.jpg,train,10180,20b0c7de1c131e75deff54e8f0c51eef6c48116cdcbf7bb1f47fc7e4c7f07ab1,225,225,RGB,1.0,3,c64f3fb07892612b,70f0d4d4d4d4f070,True,,JPEG,3,1,1,False,False
C:\Users\pedro\Desktop\Projeto do TCC\Brain Tumor MRI Dataset\Training\notumor\Tr-no_1336.jpg,Training/notumor/Tr-no_1336.jpg,notumor,.jpg,train,12856,23794834130a37699051efa29c29b9af12ae94b6a65d3957d7f9ad667f9bdf0f,201,251,RGB,0.8007968127490039,3,c35904281fcb4fcf,d0c86849e88de8e8,True,,JPEG,2,1,1,False,False
C:\Users\pedro\Desktop\Projeto do TCC\Brain Tumor MRI Dataset\Training\notumor\Tr-no_165.jpg,Training/notumor/Tr-no_165.jpg,notumor,.jpg,train,12856,23794834130a37699051efa29c29b9af12ae94b6a65d3957d7f9ad667f9bdf0f,201,251,RGB,0.8007968127490039,3,c35904281fcb4fcf,d0c86849e88de8e8,True,,JPEG,2,1,1,False,False
C:\Users\pedro\Desktop\Projeto do TCC\Brain Tumor MRI Dataset\Training\notumor\Tr-no_649.jpg,Training/notumor/Tr-no_649.jpg,notumor,.jpg,train,32715,23a839738271bed355a592894783aaec5b225a7ea883e26b116b63a6edb819a1,411,501,RGB,0.8203592814371258,3,d4580aab2f052f3f,f9e0b4b688aad4e8,True,,JPEG,2,1,1,False,False
C:\Users\pedro\Desktop\Projeto do TCC\Brain Tumor MRI Dataset\Training\notumor\Tr-no_817.jpg,Training/notumor/Tr-no_817.jpg,notumor,.jpg,train,32715,23a839738271bed355a592894783aaec5b225a7ea883e26b116b63a6edb819a1,411,501,RGB,0.8203592814371258,3,d4580aab2f052f3f,f9e0b4b688aad4e8,True,,JPEG,2,1,1,False,False
C:\Users\pedro\Desktop\Projeto do TCC\Brain Tumor MRI Dataset\Training\notumor\Tr-no_138.jpg,Training/notumor/Tr-no_138.jpg,notumor,.jpg,train,33378,24d874e516a3da5ce8ada80135a0a62c8474538f72f098ad9d3e7ff794595f35,442,442,RGB,1.0,3,977a68a5689661cb,3179d4d4d4d4f071,True,,JPEG,2,1,1,False,False
C:\Users\pedro\Desktop\Projeto do TCC\Brain Tumor MRI Dataset\Training\notumor\Tr-no_1383.jpg,Training/notumor/Tr-no_1383.jpg,notumor,.jpg,train,33378,24d874e516a3da5ce8ada80135a0a62c8474538f72f098ad9d3e7ff794595f35,442,442,RGB,1.0,3,977a68a5689661cb,3179d4d4d4d4f071,True,,JPEG,2,1,1,False,False
C:\Users\pedro\Desktop\Projeto do TCC\Brain Tumor MRI Dataset\Training\meningioma\Tr-me_339.jpg,Training/meningioma/Tr-me_339.jpg,meningioma,.jpg,train,26281,24f09f91af40e42f2798bbc29df353ce17e6a0c0b533fb923b2fa8f75df6b496,455,500,RGB,0.91,3,c4736ead39cc3984,69e8e0e0d0e4e070,True,,JPEG,3,1,1,False,False
C:\Users\pedro\Desktop\Projeto do TCC\Brain Tumor MRI Dataset\Training\meningioma\Tr-me_534.jpg,Training/meningioma/Tr-me_534.jpg,meningioma,.jpg,train,26281,24f09f91af40e42f2798bbc29df353ce17e6a0c0b533fb923b2fa8f75df6b496,455,500,RGB,0.91,3,c4736ead39cc3984,69e8e0e0d0e4e070,True,,JPEG,3,1,1,False,False
C:\Users\pedro\Desktop\Projeto do TCC\Brain Tumor MRI Dataset\Training\meningioma\Tr-me_86.jpg,Training/meningioma/Tr-me_86.jpg,meningioma,.jpg,train,26281,24f09f91af40e42f2798bbc29df353ce17e6a0c0b533fb923b2fa8f75df6b496,455,500,RGB,0.91,3,c4736ead39cc3984,69e8e0e0d0e4e070,True,,JPEG,3,1,1,False,False
C:\Users\pedro\Desktop\Projeto do TCC\Brain Tumor MRI Dataset\Training\notumor\Tr-no_250.jpg,Training/notumor/Tr-no_250.jpg,notumor,.jpg,train,13582,25c13de1f058a3b2d081828fab9a6589ac1feba9a0c3963e8033115e3b9bc2ee,236,236,RGB,1.0,3,95865e78782d6672,70f0ee9a9ceeee9c,True,,JPEG,2,1,1,False,False
C:\Users\pedro\Desktop\Projeto do TCC\Brain Tumor MRI Dataset\Training\notumor\Tr-no_472.jpg,Training/notumor/Tr-no_472.jpg,notumor,.jpg,train,13582,25c13de1f058a3b2d081828fab9a6589ac1feba9a0c3963e8033115e3b9bc2ee,236,236,RGB,1.0,3,95865e78782d6672,70f0ee9a9ceeee9c,True,,JPEG,2,1,1,False,False
C:\Users\pedro\Desktop\Projeto do TCC\Brain Tumor MRI Dataset\Training\notumor\Tr-no_1154.jpg,Training/notumor/Tr-no_1154.jpg,notumor,.jpg,train,20545,25dbc9664f03a7af82b74aec6c5497cd94dc5f6f639907656725d0ac88cfd111,236,269,RGB,0.8773234200743495,3,c00f3b202f9bb56e,e0e0e0e4e6829818,True,,JPEG,4,1,1,False,False
C:\Users\pedro\Desktop\Projeto do TCC\Brain Tumor MRI Dataset\Training\notumor\Tr-no_1235.jpg,Training/notumor/Tr-no_1235.jpg,notumor,.jpg,train,20545,25dbc9664f03a7af82b74aec6c5497cd94dc5f6f639907656725d0ac88cfd111,236,269,RGB,0.8773234200743495,3,c00f3b202f9bb56e,e0e0e0e4e6829818,True,,JPEG,4,1,1,False,False
C:\Users\pedro\Desktop\Projeto do TCC\Brain Tumor MRI Dataset\Training\notumor\Tr-no_1360.jpg,Training/notumor/Tr-no_1360.jpg,notumor,.jpg,train,20545,25dbc9664f03a7af82b74aec6c5497cd94dc5f6f639907656725d0ac88cfd111,236,269,RGB,0.8773234200743495,3,c00f3b202f9bb56e,e0e0e0e4e6829818,True,,JPEG,4,1,1,False,False
C:\Users\pedro\Desktop\Projeto do TCC\Brain Tumor MRI Dataset\Training\notumor\Tr-no_854.jpg,Training/notumor/Tr-no_854.jpg,notumor,.jpg,train,20545,25dbc9664f03a7af82b74aec6c5497cd94dc5f6f639907656725d0ac88cfd111,236,269,RGB,0.8773234200743495,3,c00f3b202f9bb56e,e0e0e0e4e6829818,True,,JPEG,4,1,1,False,False
C:\Users\pedro\Desktop\Projeto do TCC\Brain Tumor MRI Dataset\Training\notumor\Tr-no_1288.jpg,Training/notumor/Tr-no_1288.jpg,notumor,.jpg,train,136631,2779f5d9e97ff8a2283e34ab88a7e6de22c561367944758e2796f427fd2dddd9,785,848,RGB,0.9257075471698112,3,d14a0fbd6e256964,61d0d4d4d4f0d470,True,,JPEG,3,1,1,False,False
C:\Users\pedro\Desktop\Projeto do TCC\Brain Tumor MRI Dataset\Training\notumor\Tr-no_831.jpg,Training/notumor/Tr-no_831.jpg,notumor,.jpg,train,136631,2779f5d9e97ff8a2283e34ab88a7e6de22c561367944758e2796f427fd2dddd9,785,848,RGB,0.9257075471698112,3,d14a0fbd6e256964,61d0d4d4d4f0d470,True,,JPEG,3,1,1,False,False
C:\Users\pedro\Desktop\Projeto do TCC\Brain Tumor MRI Dataset\Training\notumor\Tr-no_863.jpg,Training/notumor/Tr-no_863.jpg,notumor,.jpg,train,136631,2779f5d9e97ff8a2283e34ab88a7e6de22c561367944758e2796f427fd2dddd9,785,848,RGB,0.9257075471698112,3,d14a0fbd6e256964,61d0d4d4d4f0d470,True,,JPEG,3,1,1,False,False
C:\Users\pedro\Desktop\Projeto do TCC\Brain Tumor MRI Dataset\Training\notumor\Tr-no_194.jpg,Training/notumor/Tr-no_194.jpg,notumor,.jpg,train,16776,280d387f9ef5c5407c3a5618fc7e3a861fed385c6f4c2e11e1ee9b13a7faa102,420,280,RGB,1.5,3,ce6c38b634326799,3261696168686930,True,,JPEG,2,1,1,False,False
C:\Users\pedro\Desktop\Projeto do TCC\Brain Tumor MRI Dataset\Training\notumor\Tr-no_219.jpg,Training/notumor/Tr-no_219.jpg,notumor,.jpg,train,16776,280d387f9ef5c5407c3a5618fc7e3a861fed385c6f4c2e11e1ee9b13a7faa102,420,280,RGB,1.5,3,ce6c38b634326799,3261696168686930,True,,JPEG,2,1,1,False,False
C:\Users\pedro\Desktop\Projeto do TCC\Brain Tumor MRI Dataset\Training\notumor\Tr-no_493.jpg,Training/notumor/Tr-no_493.jpg,notumor,.jpg,train,14611,29f5011764730ed401f04b4978195c0b9fcedb005c3408f89a7586259cb1b675,233,210,RGB,1.1095238095238096,3,955a363a3ab17361,386cdafafad8ceee,True,,JPEG,2,1,1,False,False
C:\Users\pedro\Desktop\Projeto do TCC\Brain Tumor MRI Dataset\Training\notumor\Tr-no_664.jpg,Training/notumor/Tr-no_664.jpg,notumor,.jpg,train,14611,29f5011764730ed401f04b4978195c0b9fcedb005c3408f89a7586259cb1b675,233,210,RGB,1.1095238095238096,3,955a363a3ab17361,386cdafafad8ceee,True,,JPEG,2,1,1,False,False
C:\Users\pedro\Desktop\Projeto do TCC\Brain Tumor MRI Dataset\Training\notumor\Tr-no_1085.jpg,Training/notumor/Tr-no_1085.jpg,notumor,.jpg,train,52569,2ad6ffff97ce8cbfd5d4785955ea16a6ccf7090eb67a8015e47cd8902571b827,416,512,RGB,0.8125,3,817a7e2879e17a25,31e0d0d0d4aad6e8,True,,JPEG,4,1,1,False,False
C:\Users\pedro\Desktop\Projeto do TCC\Brain Tumor MRI Dataset\Training\notumor\Tr-no_692.jpg,Training/notumor/Tr-no_692.jpg,notumor,.jpg,train,52569,2ad6ffff97ce8cbfd5d4785955ea16a6ccf7090eb67a8015e47cd8902571b827,416,512,RGB,0.8125,3,817a7e2879e17a25,31e0d0d0d4aad6e8,True,,JPEG,4,1,1,False,False
C:\Users\pedro\Desktop\Projeto do TCC\Brain Tumor MRI Dataset\Training\notumor\Tr-no_767.jpg,Training/notumor/Tr-no_767.jpg,notumor,.jpg,train,52569,2ad6ffff97ce8cbfd5d4785955ea16a6ccf7090eb67a8015e47cd8902571b827,416,512,RGB,0.8125,3,817a7e2879e17a25,31e0d0d0d4aad6e8,True,,JPEG,4,1,1,False,False
C:\Users\pedro\Desktop\Projeto do TCC\Brain Tumor MRI Dataset\Training\notumor\Tr-no_98.jpg,Training/notumor/Tr-no_98.jpg,notumor,.jpg,train,52569,2ad6ffff97ce8cbfd5d4785955ea16a6ccf7090eb67a8015e47cd8902571b827,416,512,RGB,0.8125,3,817a7e2879e17a25,31e0d0d0d4aad6e8,True,,JPEG,4,1,1,False,False
C:\Users\pedro\Desktop\Projeto do TCC\Brain Tumor MRI Dataset\Training\notumor\Tr-no_473.jpg,Training/notumor/Tr-no_473.jpg,notumor,.jpg,train,14360,2bcf7f2051a470cc90e74522c8141783f4e6e3b36b033e622bb446070804fbce,227,262,RGB,0.8664122137404581,3,c13b2ef03d75348c,71e8e8c8ccc8e0f0,True,,JPEG,2,1,1,False,False
C:\Users\pedro\Desktop\Projeto do TCC\Brain Tumor MRI Dataset\Training\notumor\Tr-no_778.jpg,Training/notumor/Tr-no_778.jpg,notumor,.jpg,train,14360,2bcf7f2051a470cc90e74522c8141783f4e6e3b36b033e622bb446070804fbce,227,262,RGB,0.8664122137404581,3,c13b2ef03d75348c,71e8e8c8ccc8e0f0,True,,JPEG,2,1,1,False,False
C:\Users\pedro\Desktop\Projeto do TCC\Brain Tumor MRI Dataset\Training\notumor\Tr-no_1077.jpg,Training/notumor/Tr-no_1077.jpg,notumor,.jpg,train,15092,2cd1096a6415c70403948e7aaac0694451619850a4ce545b4f9134b06401248b,208,278,RGB,0.7482014388489209,3,966a6db77a9820d2,69e8e8e8e8cce870,True,,JPEG,2,1,1,False,False
C:\Users\pedro\Desktop\Projeto do TCC\Brain Tumor MRI Dataset\Training\notumor\Tr-no_1400.jpg,Training/notumor/Tr-no_1400.jpg,notumor,.jpg,train,15092,2cd1096a6415c70403948e7aaac0694451619850a4ce545b4f9134b06401248b,208,278,RGB,0.7482014388489209,3,966a6db77a9820d2,69e8e8e8e8cce870,True,,JPEG,2,1,1,False,False
C:\Users\pedro\Desktop\Projeto do TCC\Brain Tumor MRI Dataset\Training\notumor\Tr-no_293.jpg,Training/notumor/Tr-no_293.jpg,notumor,.jpg,train,4386,2db2426323e2d116ddfd79ca17da4f0c3861a527eba11414ce1ffe403b5810bd,150,198,RGB,0.7575757575757576,3,9712197f12fa1b25,dcb2c94d4d558ad0,True,,JPEG,2,1,1,False,False
C:\Users\pedro\Desktop\Projeto do TCC\Brain Tumor MRI Dataset\Training\notumor\Tr-no_60.jpg,Training/notumor/Tr-no_60.jpg,notumor,.jpg,train,4386,2db2426323e2d116ddfd79ca17da4f0c3861a527eba11414ce1ffe403b5810bd,150,198,RGB,0.7575757575757576,3,9712197f12fa1b25,dcb2c94d4d558ad0,True,,JPEG,2,1,1,False,False
C:\Users\pedro\Desktop\Projeto do TCC\Brain Tumor MRI Dataset\Training\notumor\Tr-no_577.jpg,Training/notumor/Tr-no_577.jpg,notumor,.jpg,train,127722,2e9979eb629886f51f2e4b143f7526fe57537077b3bcb1bfd7d4ecad00b30547,1024,1024,RGB,1.0,3,c64e6db56cd2342c,71f1e8e8cccce871,True,,JPEG,2,1,1,False,False
C:\Users\pedro\Desktop\Projeto do TCC\Brain Tumor MRI Dataset\Training\notumor\Tr-no_764.jpg,Training/notumor/Tr-no_764.jpg,notumor,.jpg,train,127722,2e9979eb629886f51f2e4b143f7526fe57537077b3bcb1bfd7d4ecad00b30547,1024,1024,RGB,1.0,3,c64e6db56cd2342c,71f1e8e8cccce871,True,,JPEG,2,1,1,False,False
C:\Users\pedro\Desktop\Projeto do TCC\Brain Tumor MRI Dataset\Training\notumor\Tr-no_112.jpg,Training/notumor/Tr-no_112.jpg,notumor,.jpg,train,25759,2ed15a662d8dcdf6077f3bf8bb4d21722e2a3b90ff2cf194db18b75933a4d322,236,357,RGB,0.6610644257703081,3,c3692ca23cb5aec3,71e8e8c8c8e8c8f0,True,,JPEG,5,1,1,False,False
C:\Users\pedro\Desktop\Projeto do TCC\Brain Tumor MRI Dataset\Training\notumor\Tr-no_1178.jpg,Training/notumor/Tr-no_1178.jpg,notumor,.jpg,train,25759,2ed15a662d8dcdf6077f3bf8bb4d21722e2a3b90ff2cf194db18b75933a4d322,236,357,RGB,0.6610644257703081,3,c3692ca23cb5aec3,71e8e8c8c8e8c8f0,True,,JPEG,5,1,1,False,False
C:\Users\pedro\Desktop\Projeto do TCC\Brain Tumor MRI Dataset\Training\notumor\Tr-no_1265.jpg,Training/notumor/Tr-no_1265.jpg,notumor,.jpg,train,25759,2ed15a662d8dcdf6077f3bf8bb4d21722e2a3b90ff2cf194db18b75933a4d322,236,357,RGB,0.6610644257703081,3,c3692ca23cb5aec3,71e8e8c8c8e8c8f0,True,,JPEG,5,1,1,False,False
C:\Users\pedro\Desktop\Projeto do TCC\Brain Tumor MRI Dataset\Training\notumor\Tr-no_308.jpg,Training/notumor/Tr-no_308.jpg,notumor,.jpg,train,25759,2ed15a662d8dcdf6077f3bf8bb4d21722e2a3b90ff2cf194db18b75933a4d322,236,357,RGB,0.6610644257703081,3,c3692ca23cb5aec3,71e8e8c8c8e8c8f0,True,,JPEG,5,1,1,False,False
C:\Users\pedro\Desktop\Projeto do TCC\Brain Tumor MRI Dataset\Training\notumor\Tr-no_494.jpg,Training/notumor/Tr-no_494.jpg,notumor,.jpg,train,25759,2ed15a662d8dcdf6077f3bf8bb4d21722e2a3b90ff2cf194db18b75933a4d322,236,357,RGB,0.6610644257703081,3,c3692ca23cb5aec3,71e8e8c8c8e8c8f0,True,,JPEG,5,1,1,False,False
C:\Users\pedro\Desktop\Projeto do TCC\Brain Tumor MRI Dataset\Training\pituitary\Tr-pi_1399.jpg,Training/pituitary/Tr-pi_1399.jpg,pituitary,.jpg,train,49394,2ff387b9c84bad104f2f095f9832781f634931e584e02a1afab513037079eea5,441,429,RGB,1.027972027972028,3,954a356b55255b95,d2bdece4202b769e,True,,JPEG,2,1,1,False,False
C:\Users\pedro\Desktop\Projeto do TCC\Brain Tumor MRI Dataset\Training\pituitary\Tr-pi_195.jpg,Training/pituitary/Tr-pi_195.jpg,pituitary,.jpg,train,49394,2ff387b9c84bad104f2f095f9832781f634931e584e02a1afab513037079eea5,441,429,RGB,1.027972027972028,3,954a356b55255b95,d2bdece4202b769e,True,,JPEG,2,1,1,False,False
C:\Users\pedro\Desktop\Projeto do TCC\Brain Tumor MRI Dataset\Training\notumor\Tr-no_880.jpg,Training/notumor/Tr-no_880.jpg,notumor,.jpg,train,41675,303c5c415fc8be331907a13c78d499fa000f24788fab65f7c9171c448978b09f,605,613,RGB,0.9869494290375204,3,974a7e2178b53865,71e8e8e8e8cce870,True,,JPEG,2,1,1,False,False
C:\Users\pedro\Desktop\Projeto do TCC\Brain Tumor MRI Dataset\Training\notumor\Tr-no_918.jpg,Training/notumor/Tr-no_918.jpg,notumor,.jpg,train,41675,303c5c415fc8be331907a13c78d499fa000f24788fab65f7c9171c448978b09f,605,613,RGB,0.9869494290375204,3,974a7e2178b53865,71e8e8e8e8cce870,True,,JPEG,2,1,1,False,False
C:\Users\pedro\Desktop\Projeto do TCC\Brain Tumor MRI Dataset\Testing\glioma\Te-gl_170.jpg,Testing/glioma/Te-gl_170.jpg,glioma,.jpg,test,37700,36d2f03fd5b0ffd8a3ac1d2fe9f2c3cf4967f82751629676198f774e0ee21a9c,620,415,RGB,1.4939759036144578,3,9a316dcc6c99986d,b069696969796969,True,,JPEG,2,1,1,False,False
C:\Users\pedro\Desktop\Projeto do TCC\Brain Tumor MRI Dataset\Testing\glioma\Te-gl_178.jpg,Testing/glioma/Te-gl_178.jpg,glioma,.jpg,test,37700,36d2f03fd5b0ffd8a3ac1d2fe9f2c3cf4967f82751629676198f774e0ee21a9c,620,415,RGB,1.4939759036144578,3,9a316dcc6c99986d,b069696969796969,True,,JPEG,2,1,1,False,False
C:\Users\pedro\Desktop\Projeto do TCC\Brain Tumor MRI Dataset\Training\notumor\Tr-no_435.jpg,Training/notumor/Tr-no_435.jpg,notumor,.jpg,train,41446,37d13e11e66c736b2174792a44b897777f212e935d5c74141ced8dc58d610672,400,442,RGB,0.9049773755656108,3,d26f2fb13092669c,32f1e8ccccc8e871,True,,JPEG,2,1,1,False,False
C:\Users\pedro\Desktop\Projeto do TCC\Brain Tumor MRI Dataset\Training\notumor\Tr-no_755.jpg,Training/notumor/Tr-no_755.jpg,notumor,.jpg,train,41446,37d13e11e66c736b2174792a44b897777f212e935d5c74141ced8dc58d610672,400,442,RGB,0.9049773755656108,3,d26f2fb13092669c,32f1e8ccccc8e871,True,,JPEG,2,1,1,False,False
C:\Users\pedro\Desktop\Projeto do TCC\Brain Tumor MRI Dataset\Training\notumor\Tr-no_1126.jpg,Training/notumor/Tr-no_1126.jpg,notumor,.jpg,train,14958,3a34904d65c8cc7579373460050623901047e49eec67a5d635390374c5b48634,232,217,RGB,1.0691244239631337,3,c33f2d70359319cc,72e1e8c8e8e8e0f1,True,,JPEG,2,1,1,False,False
C:\Users\pedro\Desktop\Projeto do TCC\Brain Tumor MRI Dataset\Training\notumor\Tr-no_564.jpg,Training/notumor/Tr-no_564.jpg,notumor,.jpg,train,14958,3a34904d65c8cc7579373460050623901047e49eec67a5d635390374c5b48634,232,217,RGB,1.0691244239631337,3,c33f2d70359319cc,72e1e8c8e8e8e0f1,True,,JPEG,2,1,1,False,False
C:\Users\pedro\Desktop\Projeto do TCC\Brain Tumor MRI Dataset\Training\notumor\Tr-no_349.jpg,Training/notumor/Tr-no_349.jpg,notumor,.jpg,train,17096,3e66ecd9f2d07394ea13b8f2ce9212677a14aea1066e13a1445b00cbc59b998e,224,286,RGB,0.7832167832167832,3,d04e1bba3ee43b60,69f4d4d4a8aad4f8,True,,JPEG,2,1,1,False,False
C:\Users\pedro\Desktop\Projeto do TCC\Brain Tumor MRI Dataset\Training\notumor\Tr-no_779.jpg,Training/notumor/Tr-no_779.jpg,notumor,.jpg,train,17096,3e66ecd9f2d07394ea13b8f2ce9212677a14aea1066e13a1445b00cbc59b998e,224,286,RGB,0.7832167832167832,3,d04e1bba3ee43b60,69f4d4d4a8aad4f8,True,,JPEG,2,1,1,False,False
C:\Users\pedro\Desktop\Projeto do TCC\Brain Tumor MRI Dataset\Training\notumor\Tr-no_58.jpg,Training/notumor/Tr-no_58.jpg,notumor,.jpg,train,27719,3fcd47df13022dff9310847e66344a301655fc62a565598336433f9c098e5074,332,442,RGB,0.751131221719457,3,d11a1aa57f832d56,e9f0d4d4d496f870,True,,JPEG,2,1,1,False,False
C:\Users\pedro\Desktop\Projeto do TCC\Brain Tumor MRI Dataset\Training\notumor\Tr-no_906.jpg,Training/notumor/Tr-no_906.jpg,notumor,.jpg,train,27719,3fcd47df13022dff9310847e66344a301655fc62a565598336433f9c098e5074,332,442,RGB,0.751131221719457,3,d11a1aa57f832d56,e9f0d4d4d496f870,True,,JPEG,2,1,1,False,False
C:\Users\pedro\Desktop\Projeto do TCC\Brain Tumor MRI Dataset\Training\notumor\Tr-no_750.jpg,Training/notumor/Tr-no_750.jpg,notumor,.jpg,train,20463,413708f4f5a9e003997c5c966035431a1bd741b16cde99a42ca6155cccf8f17d,236,236,RGB,1.0,3,d11b2e7839e63199,79f0c8dcd8d4e4e4,True,,JPEG,2,1,1,False,False
C:\Users\pedro\Desktop\Projeto do TCC\Brain Tumor MRI Dataset\Training\notumor\Tr-no_843.jpg,Training/notumor/Tr-no_843.jpg,notumor,.jpg,train,20463,413708f4f5a9e003997c5c966035431a1bd741b16cde99a42ca6155cccf8f17d,236,236,RGB,1.0,3,d11b2e7839e63199,79f0c8dcd8d4e4e4,True,,JPEG,2,1,1,False,False
C:\Users\pedro\Desktop\Projeto do TCC\Brain Tumor MRI Dataset\Training\notumor\Tr-no_499.jpg,Training/notumor/Tr-no_499.jpg,notumor,.jpg,train,12235,41efe60c9486d5c559d6ede0449c1da09b12bfbf8241ba4f28c60f82634cfe04,227,222,RGB,1.0225225225225223,3,856a5ba57ab50996,61e8ec8ccececc60,True,,JPEG,2,1,1,False,False
C:\Users\pedro\Desktop\Projeto do TCC\Brain Tumor MRI Dataset\Training\notumor\Tr-no_734.jpg,Training/notumor/Tr-no_734.jpg,notumor,.jpg,train,12235,41efe60c9486d5c559d6ede0449c1da09b12bfbf8241ba4f28c60f82634cfe04,227,222,RGB,1.0225225225225223,3,856a5ba57ab50996,61e8ec8ccececc60,True,,JPEG,2,1,1,False,False
C:\Users\pedro\Desktop\Projeto do TCC\Brain Tumor MRI Dataset\Training\notumor\Tr-no_1079.jpg,Training/notumor/Tr-no_1079.jpg,notumor,.jpg,train,28313,43c7fb765b0d878dca03cd26cb414b56a2e3280ce2510f3a84dac11003bbd0a0,350,350,RGB,1.0,3,956a6e35383332ce,9271f0d4f0d0e471,True,,JPEG,3,1,1,False,False
C:\Users\pedro\Desktop\Projeto do TCC\Brain Tumor MRI Dataset\Training\notumor\Tr-no_129.jpg,Training/notumor/Tr-no_129.jpg,notumor,.jpg,train,28313,43c7fb765b0d878dca03cd26cb414b56a2e3280ce2510f3a84dac11003bbd0a0,350,350,RGB,1.0,3,956a6e35383332ce,9271f0d4f0d0e471,True,,JPEG,3,1,1,False,False
C:\Users\pedro\Desktop\Projeto do TCC\Brain Tumor MRI Dataset\Training\notumor\Tr-no_62.jpg,Training/notumor/Tr-no_62.jpg,notumor,.jpg,train,28313,43c7fb765b0d878dca03cd26cb414b56a2e3280ce2510f3a84dac11003bbd0a0,350,350,RGB,1.0,3,956a6e35383332ce,9271f0d4f0d0e471,True,,JPEG,3,1,1,False,False
C:\Users\pedro\Desktop\Projeto do TCC\Brain Tumor MRI Dataset\Training\meningioma\Tr-me_1094.jpg,Training/meningioma/Tr-me_1094.jpg,meningioma,.jpg,train,28082,451f339dbf4d33864e0dd8940f533bbeddda6492cf60bb15615342bd467cc721,512,512,RGB,1.0,3,94957a1a3f687839,78f4f4cceca8e0e1,True,,JPEG,2,1,1,False,False
C:\Users\pedro\Desktop\Projeto do TCC\Brain Tumor MRI Dataset\Training\meningioma\Tr-me_219.jpg,Training/meningioma/Tr-me_219.jpg,meningioma,.jpg,train,28082,451f339dbf4d33864e0dd8940f533bbeddda6492cf60bb15615342bd467cc721,512,512,RGB,1.0,3,94957a1a3f687839,78f4f4cceca8e0e1,True,,JPEG,2,1,1,False,False
C:\Users\pedro\Desktop\Projeto do TCC\Brain Tumor MRI Dataset\Training\meningioma\Tr-aug-me_98.jpg,Training/meningioma/Tr-aug-me_98.jpg,meningioma,.jpg,train,25839,47659f0b7a3739148ba3a036ec2204283a0a233876b0a0458bf251bfae9c2da8,512,512,L,1.0,1,d06e0b29376e1e35,e39968cc9ab8aadc,True,,JPEG,2,1,1,False,False
C:\Users\pedro\Desktop\Projeto do TCC\Brain Tumor MRI Dataset\Training\meningioma\Tr-me_1274.jpg,Training/meningioma/Tr-me_1274.jpg,meningioma,.jpg,train,25839,47659f0b7a3739148ba3a036ec2204283a0a233876b0a0458bf251bfae9c2da8,512,512,L,1.0,1,d06e0b29376e1e35,e39968cc9ab8aadc,True,,JPEG,2,1,1,False,False
C:\Users\pedro\Desktop\Projeto do TCC\Brain Tumor MRI Dataset\Training\meningioma\Tr-me_543.jpg,Training/meningioma/Tr-me_543.jpg,meningioma,.jpg,train,8707,4951f7ba2e002020c835b3f50136c3249f3ae004624b35a262e65dd431d70e56,213,237,RGB,0.8987341772151899,3,c0e2193dc7e25d39,da95c5c5c412a3d2,True,,JPEG,2,1,1,False,False
C:\Users\pedro\Desktop\Projeto do TCC\Brain Tumor MRI Dataset\Training\meningioma\Tr-me_726.jpg,Training/meningioma/Tr-me_726.jpg,meningioma,.jpg,train,8707,4951f7ba2e002020c835b3f50136c3249f3ae004624b35a262e65dd431d70e56,213,237,RGB,0.8987341772151899,3,c0e2193dc7e25d39,da95c5c5c412a3d2,True,,JPEG,2,1,1,False,False
C:\Users\pedro\Desktop\Projeto do TCC\Brain Tumor MRI Dataset\Training\notumor\Tr-no_43.jpg,Training/notumor/Tr-no_43.jpg,notumor,.jpg,train,15287,4984bb79a4b6f8bbe65f017c74fd7c1dce3f24d94cc9d33f92e22b441a0866ca,214,236,RGB,0.9067796610169492,3,d5c80ae16f8d2c37,f0d4d4d48a96dc69,True,,JPEG,2,1,1,False,False
C:\Users\pedro\Desktop\Projeto do TCC\Brain Tumor MRI Dataset\Training\notumor\Tr-no_963.jpg,Training/notumor/Tr-no_963.jpg,notumor,.jpg,train,15287,4984bb79a4b6f8bbe65f017c74fd7c1dce3f24d94cc9d33f92e22b441a0866ca,214,236,RGB,0.9067796610169492,3,d5c80ae16f8d2c37,f0d4d4d48a96dc69,True,,JPEG,2,1,1,False,False
C:\Users\pedro\Desktop\Projeto do TCC\Brain Tumor MRI Dataset\Training\notumor\Tr-no_1240.jpg,Training/notumor/Tr-no_1240.jpg,notumor,.jpg,train,45788,49db0659a53802695ac4af817cff544f8034e7c9883a6751e0e321c86337f86a,417,424,RGB,0.983490566037736,3,953e7ae868671964,71f0d4d4f0f8d471,True,,JPEG,2,1,1,False,False
C:\Users\pedro\Desktop\Projeto do TCC\Brain Tumor MRI Dataset\Training\notumor\Tr-no_990.jpg,Training/notumor/Tr-no_990.jpg,notumor,.jpg,train,45788,49db0659a53802695ac4af817cff544f8034e7c9883a6751e0e321c86337f86a,417,424,RGB,0.983490566037736,3,953e7ae868671964,71f0d4d4f0f8d471,True,,JPEG,2,1,1,False,False
C:\Users\pedro\Desktop\Projeto do TCC\Brain Tumor MRI Dataset\Training\notumor\Tr-no_356.jpg,Training/notumor/Tr-no_356.jpg,notumor,.jpg,train,50259,4c2c103442bacc20c289e01799a028f732816b392a316671549e21810560ac30,626,575,RGB,1.088695652173913,3,969a79e561993564,b069e8e8ccd47030,True,,JPEG,2,1,1,False,False
C:\Users\pedro\Desktop\Projeto do TCC\Brain Tumor MRI Dataset\Training\notumor\Tr-no_463.jpg,Training/notumor/Tr-no_463.jpg,notumor,.jpg,train,50259,4c2c103442bacc20c289e01799a028f732816b392a316671549e21810560ac30,626,575,RGB,1.088695652173913,3,969a79e561993564,b069e8e8ccd47030,True,,JPEG,2,1,1,False,False
C:\Users\pedro\Desktop\Projeto do TCC\Brain Tumor MRI Dataset\Training\pituitary\Tr-pi_542.jpg,Training/pituitary/Tr-pi_542.jpg,pituitary,.jpg,train,15564,4f6314d65c3d703caa7b94440365f4c89fa68a7069a0a10054e6604956f60f28,225,225,RGB,1.0,3,e85555220977527f,b2e86971332d2fbb,True,,JPEG,2,1,1,False,False
C:\Users\pedro\Desktop\Projeto do TCC\Brain Tumor MRI Dataset\Training\pituitary\Tr-pi_857.jpg,Training/pituitary/Tr-pi_857.jpg,pituitary,.jpg,train,15564,4f6314d65c3d703caa7b94440365f4c89fa68a7069a0a10054e6604956f60f28,225,225,RGB,1.0,3,e85555220977527f,b2e86971332d2fbb,True,,JPEG,2,1,1,False,False
C:\Users\pedro\Desktop\Projeto do TCC\Brain Tumor MRI Dataset\Training\pituitary\Tr-pi_1209.jpg,Training/pituitary/Tr-pi_1209.jpg,pituitary,.jpg,train,14677,53446ebefbb558643e11fe7ecf3059737e2814172797c680e50463dd03656fdf,202,202,RGB,1.0,3,c0991ee6791c1fe2,f0c8f1b38cc6a545,True,,JPEG,2,1,1,False,False
C:\Users\pedro\Desktop\Projeto do TCC\Brain Tumor MRI Dataset\Training\pituitary\Tr-pi_1352.jpg,Training/pituitary/Tr-pi_1352.jpg,pituitary,.jpg,train,14677,53446ebefbb558643e11fe7ecf3059737e2814172797c680e50463dd03656fdf,202,202,RGB,1.0,3,c0991ee6791c1fe2,f0c8f1b38cc6a545,True,,JPEG,2,1,1,False,False
C:\Users\pedro\Desktop\Projeto do TCC\Brain Tumor MRI Dataset\Training\notumor\Tr-no_1109.jpg,Training/notumor/Tr-no_1109.jpg,notumor,.jpg,train,51267,537e7ad0a496f23042626741b362e936fc711da2aa25d4c5ce628d03bf4109cb,494,600,RGB,0.8233333333333334,3,d50d0afe6af06b60,70d0d29676aab4d8,True,,JPEG,2,1,1,False,False
C:\Users\pedro\Desktop\Projeto do TCC\Brain Tumor MRI Dataset\Training\notumor\Tr-no_1380.jpg,Training/notumor/Tr-no_1380.jpg,notumor,.jpg,train,51267,537e7ad0a496f23042626741b362e936fc711da2aa25d4c5ce628d03bf4109cb,494,600,RGB,0.8233333333333334,3,d50d0afe6af06b60,70d0d29676aab4d8,True,,JPEG,2,1,1,False,False
C:\Users\pedro\Desktop\Projeto do TCC\Brain Tumor MRI Dataset\Training\pituitary\Tr-pi_396.jpg,Training/pituitary/Tr-pi_396.jpg,pituitary,.jpg,train,74811,59b7545faed7fe8962c1853d6dd379ab5e5ddfe6970a42a0017a4114fb1a95ad,625,603,RGB,1.0364842454394694,3,954a356b55275395,d2bdece4a02b669e,True,,JPEG,2,1,1,False,False
C:\Users\pedro\Desktop\Projeto do TCC\Brain Tumor MRI Dataset\Training\pituitary\Tr-pi_476.jpg,Training/pituitary/Tr-pi_476.jpg,pituitary,.jpg,train,74811,59b7545faed7fe8962c1853d6dd379ab5e5ddfe6970a42a0017a4114fb1a95ad,625,603,RGB,1.0364842454394694,3,954a356b55275395,d2bdece4a02b669e,True,,JPEG,2,1,1,False,False
C:\Users\pedro\Desktop\Projeto do TCC\Brain Tumor MRI Dataset\Training\notumor\Tr-no_1023.jpg,Training/notumor/Tr-no_1023.jpg,notumor,.jpg,train,34394,5a66211168e2f92209f3aee80fe618a1555144bada16fdc2035d1780321c02cf,630,630,RGB,1.0,3,96386a716dc534e3,3171d4d4dcd4d471,True,,JPEG,2,1,1,False,False
C:\Users\pedro\Desktop\Projeto do TCC\Brain Tumor MRI Dataset\Training\notumor\Tr-no_400.jpg,Training/notumor/Tr-no_400.jpg,notumor,.jpg,train,34394,5a66211168e2f92209f3aee80fe618a1555144bada16fdc2035d1780321c02cf,630,630,RGB,1.0,3,96386a716dc534e3,3171d4d4dcd4d471,True,,JPEG,2,1,1,False,False
C:\Users\pedro\Desktop\Projeto do TCC\Brain Tumor MRI Dataset\Training\meningioma\Tr-aug-me_91.jpg,Training/meningioma/Tr-aug-me_91.jpg,meningioma,.jpg,train,16670,5c32bc4af148302670ffb8a5aa58fc239cea60fbbfc08ba34a65230a0de6f6f4,512,512,L,1.0,1,d34f6c913066339b,b270e8ccd8d870b2,True,,JPEG,2,1,1,False,False
C:\Users\pedro\Desktop\Projeto do TCC\Brain Tumor MRI Dataset\Training\meningioma\Tr-me_245.jpg,Training/meningioma/Tr-me_245.jpg,meningioma,.jpg,train,16670,5c32bc4af148302670ffb8a5aa58fc239cea60fbbfc08ba34a65230a0de6f6f4,512,512,L,1.0,1,d34f6c913066339b,b270e8ccd8d870b2,True,,JPEG,2,1,1,False,False
C:\Users\pedro\Desktop\Projeto do TCC\Brain Tumor MRI Dataset\Training\notumor\Tr-no_421.jpg,Training/notumor/Tr-no_421.jpg,notumor,.jpg,train,80949,5f51fecec97f1264f4cb6a9f7d0d847f17e49033ec034b11d2cc5c8b79ba6519,1000,583,RGB,1.7152658662092624,3,cecb2ca5393c3334,f261e9f0e8e8f0f0,True,,JPEG,2,1,1,False,False
C:\Users\pedro\Desktop\Projeto do TCC\Brain Tumor MRI Dataset\Training\notumor\Tr-no_582.jpg,Training/notumor/Tr-no_582.jpg,notumor,.jpg,train,80949,5f51fecec97f1264f4cb6a9f7d0d847f17e49033ec034b11d2cc5c8b79ba6519,1000,583,RGB,1.7152658662092624,3,cecb2ca5393c3334,f261e9f0e8e8f0f0,True,,JPEG,2,1,1,False,False
C:\Users\pedro\Desktop\Projeto do TCC\Brain Tumor MRI Dataset\Training\notumor\Tr-no_524.jpg,Training/notumor/Tr-no_524.jpg,notumor,.jpg,train,66814,6296fc94ca1dba543a77ac0312ae4eda86053a44d81a9151e77e1e6b90bd91d3,630,630,RGB,1.0,3,d02f6f7434b234c3,b271d0dcd4f4d071,True,,JPEG,2,1,1,False,False
C:\Users\pedro\Desktop\Projeto do TCC\Brain Tumor MRI Dataset\Training\notumor\Tr-no_617.jpg,Training/notumor/Tr-no_617.jpg,notumor,.jpg,train,66814,6296fc94ca1dba543a77ac0312ae4eda86053a44d81a9151e77e1e6b90bd91d3,630,630,RGB,1.0,3,d02f6f7434b234c3,b271d0dcd4f4d071,True,,JPEG,2,1,1,False,False
C:\Users\pedro\Desktop\Projeto do TCC\Brain Tumor MRI Dataset\Training\notumor\Tr-no_280.jpg,Training/notumor/Tr-no_280.jpg,notumor,.jpg,train,45175,64eee5cd2516c265ea888fc3d784e97daed289385a487567e66b2aabacf50555,512,512,RGB,1.0,3,963c69c3649693ce,00f178ece8e87030,True,,JPEG,2,1,1,False,False
C:\Users\pedro\Desktop\Projeto do TCC\Brain Tumor MRI Dataset\Training\notumor\Tr-no_448.jpg,Training/notumor/Tr-no_448.jpg,notumor,.jpg,train,45175,64eee5cd2516c265ea888fc3d784e97daed289385a487567e66b2aabacf50555,512,512,RGB,1.0,3,963c69c3649693ce,00f178ece8e87030,True,,JPEG,2,1,1,False,False
C:\Users\pedro\Desktop\Projeto do TCC\Brain Tumor MRI Dataset\Training\notumor\Tr-no_1390.jpg,Training/notumor/Tr-no_1390.jpg,notumor,.jpg,train,71744,65171c43207bd38c794fd14bf5f513325e8a4fe207f71539009bfb4f78b347d8,728,725,RGB,1.004137931034483,3,c31e2db43c9334cd,72e9e8e8e8c8f172,True,,JPEG,2,1,1,False,False
C:\Users\pedro\Desktop\Projeto do TCC\Brain Tumor MRI Dataset\Training\notumor\Tr-no_565.jpg,Training/notumor/Tr-no_565.jpg,notumor,.jpg,train,71744,65171c43207bd38c794fd14bf5f513325e8a4fe207f71539009bfb4f78b347d8,728,725,RGB,1.004137931034483,3,c31e2db43c9334cd,72e9e8e8e8c8f172,True,,JPEG,2,1,1,False,False
C:\Users\pedro\Desktop\Projeto do TCC\Brain Tumor MRI Dataset\Training\notumor\Tr-no_1333.jpg,Training/notumor/Tr-no_1333.jpg,notumor,.jpg,train,29392,682871b3c7250e0c56b28688840ac15101ec847a891e0b2d2cb72f0436ff8073,364,418,RGB,0.8708133971291866,3,d14e0aad6f304f65,f0e8e8ccccc88ae8,True,,JPEG,2,1,1,False,False
C:\Users\pedro\Desktop\Projeto do TCC\Brain Tumor MRI Dataset\Training\notumor\Tr-no_273.jpg,Training/notumor/Tr-no_273.jpg,notumor,.jpg,train,29392,682871b3c7250e0c56b28688840ac15101ec847a891e0b2d2cb72f0436ff8073,364,418,RGB,0.8708133971291866,3,d14e0aad6f304f65,f0e8e8ccccc88ae8,True,,JPEG,2,1,1,False,False
C:\Users\pedro\Desktop\Projeto do TCC\Brain Tumor MRI Dataset\Training\pituitary\Tr-pi_163.jpg,Training/pituitary/Tr-pi_163.jpg,pituitary,.jpg,train,34335,690ed9d73b96706b833cfbb95e40543fe022c7579ab74693873e2c26766c5efb,512,512,RGB,1.0,3,d50b3e782ab16d34,31f092aab2a2aaa2,True,,JPEG,2,1,1,False,False
C:\Users\pedro\Desktop\Projeto do TCC\Brain Tumor MRI Dataset\Training\pituitary\Tr-pi_504.jpg,Training/pituitary/Tr-pi_504.jpg,pituitary,.jpg,train,34335,690ed9d73b96706b833cfbb95e40543fe022c7579ab74693873e2c26766c5efb,512,512,RGB,1.0,3,d50b3e782ab16d34,31f092aab2a2aaa2,True,,JPEG,2,1,1,False,False
C:\Users\pedro\Desktop\Projeto do TCC\Brain Tumor MRI Dataset\Training\notumor\Tr-no_134.jpg,Training/notumor/Tr-no_134.jpg,notumor,.jpg,train,11791,6b73dc365fbc93ff66b40c68f2e5cd259e650193088389a5f1b968b8c537f4f4,225,225,RGB,1.0,3,c0323f0d3bc6cd36,c8d4d4d4b0f0d4e0,True,,JPEG,2,1,1,False,False
C:\Users\pedro\Desktop\Projeto do TCC\Brain Tumor MRI Dataset\Training\notumor\Tr-no_255.jpg,Training/notumor/Tr-no_255.jpg,notumor,.jpg,train,11791,6b73dc365fbc93ff66b40c68f2e5cd259e650193088389a5f1b968b8c537f4f4,225,225,RGB,1.0,3,c0323f0d3bc6cd36,c8d4d4d4b0f0d4e0,True,,JPEG,2,1,1,False,False
C:\Users\pedro\Desktop\Projeto do TCC\Brain Tumor MRI Dataset\Training\pituitary\Tr-pi_410.jpg,Training/pituitary/Tr-pi_410.jpg,pituitary,.jpg,train,34353,6c374ab41105e5927d08e15103c8c27416f8e7d03c15c03d104ace5b310bd0ed,512,512,RGB,1.0,3,d44a0f6d2c3d2d74,71c8a8b2b6aaaab2,True,,JPEG,2,1,1,False,False
C:\Users\pedro\Desktop\Projeto do TCC\Brain Tumor MRI Dataset\Training\pituitary\Tr-pi_515.jpg,Training/pituitary/Tr-pi_515.jpg,pituitary,.jpg,train,34353,6c374ab41105e5927d08e15103c8c27416f8e7d03c15c03d104ace5b310bd0ed,512,512,RGB,1.0,3,d44a0f6d2c3d2d74,71c8a8b2b6aaaab2,True,,JPEG,2,1,1,False,False
C:\Users\pedro\Desktop\Projeto do TCC\Brain Tumor MRI Dataset\Training\pituitary\Tr-pi_805.jpg,Training/pituitary/Tr-pi_805.jpg,pituitary,.jpg,train,40442,6c8c2a11f01b532a75a01f052e3f536e10bcdca633e77ef3001d8ed852e83ee7,442,442,RGB,1.0,3,ea01f69d5dc40d72,4a4d6971717b2b2d,True,,JPEG,2,1,1,False,False
C:\Users\pedro\Desktop\Projeto do TCC\Brain Tumor MRI Dataset\Training\pituitary\Tr-pi_878.jpg,Training/pituitary/Tr-pi_878.jpg,pituitary,.jpg,train,40442,6c8c2a11f01b532a75a01f052e3f536e10bcdca633e77ef3001d8ed852e83ee7,442,442,RGB,1.0,3,ea01f69d5dc40d72,4a4d6971717b2b2d,True,,JPEG,2,1,1,False,False
C:\Users\pedro\Desktop\Projeto do TCC\Brain Tumor MRI Dataset\Training\pituitary\Tr-pi_405.jpg,Training/pituitary/Tr-pi_405.jpg,pituitary,.jpg,train,17709,6e4a32b7a73554a9a26b0e594f63d76920f7caeea52be19c323f8ad755d17f8b,201,210,RGB,0.9571428571428572,3,c0df666619c91e63,e8ece8f0d0ac8aaa,True,,JPEG,3,1,1,False,False
C:\Users\pedro\Desktop\Projeto do TCC\Brain Tumor MRI Dataset\Training\pituitary\Tr-pi_634.jpg,Training/pituitary/Tr-pi_634.jpg,pituitary,.jpg,train,17709,6e4a32b7a73554a9a26b0e594f63d76920f7caeea52be19c323f8ad755d17f8b,201,210,RGB,0.9571428571428572,3,c0df666619c91e63,e8ece8f0d0ac8aaa,True,,JPEG,3,1,1,False,False
C:\Users\pedro\Desktop\Projeto do TCC\Brain Tumor MRI Dataset\Training\pituitary\Tr-pi_928.jpg,Training/pituitary/Tr-pi_928.jpg,pituitary,.jpg,train,17709,6e4a32b7a73554a9a26b0e594f63d76920f7caeea52be19c323f8ad755d17f8b,201,210,RGB,0.9571428571428572,3,c0df666619c91e63,e8ece8f0d0ac8aaa,True,,JPEG,3,1,1,False,False
C:\Users\pedro\Desktop\Projeto do TCC\Brain Tumor MRI Dataset\Training\notumor\Tr-no_1398.jpg,Training/notumor/Tr-no_1398.jpg,notumor,.jpg,train,14151,6f3bdbdba45d1f985b33e51c93c318e0f04f2c3186dfae874050a99a11b1af02,210,213,RGB,0.9859154929577464,3,959f7e702be06123,387ceacada8ce4e4,True,,JPEG,2,1,1,False,False
C:\Users\pedro\Desktop\Projeto do TCC\Brain Tumor MRI Dataset\Training\notumor\Tr-no_516.jpg,Training/notumor/Tr-no_516.jpg,notumor,.jpg,train,14151,6f3bdbdba45d1f985b33e51c93c318e0f04f2c3186dfae874050a99a11b1af02,210,213,RGB,0.9859154929577464,3,959f7e702be06123,387ceacada8ce4e4,True,,JPEG,2,1,1,False,False
C:\Users\pedro\Desktop\Projeto do TCC\Brain Tumor MRI Dataset\Training\notumor\Tr-no_109.jpg,Training/notumor/Tr-no_109.jpg,notumor,.jpg,train,61345,72f5f6723c7b92f641fb5d44513b6111c348e43005f8c1f4829f28eebd1117b2,630,630,RGB,1.0,3,c74f3fb078926129,70f0d4d4d4d4f070,True,,JPEG,3,1,1,False,False
C:\Users\pedro\Desktop\Projeto do TCC\Brain Tumor MRI Dataset\Training\notumor\Tr-no_1183.jpg,Training/notumor/Tr-no_1183.jpg,notumor,.jpg,train,61345,72f5f6723c7b92f641fb5d44513b6111c348e43005f8c1f4829f28eebd1117b2,630,630,RGB,1.0,3,c74f3fb078926129,70f0d4d4d4d4f070,True,,JPEG,3,1,1,False,False
C:\Users\pedro\Desktop\Projeto do TCC\Brain Tumor MRI Dataset\Training\notumor\Tr-no_371.jpg,Training/notumor/Tr-no_371.jpg,notumor,.jpg,train,61345,72f5f6723c7b92f641fb5d44513b6111c348e43005f8c1f4829f28eebd1117b2,630,630,RGB,1.0,3,c74f3fb078926129,70f0d4d4d4d4f070,True,,JPEG,3,1,1,False,False
C:\Users\pedro\Desktop\Projeto do TCC\Brain Tumor MRI Dataset\Training\notumor\Tr-no_115.jpg,Training/notumor/Tr-no_115.jpg,notumor,.jpg,train,161038,73a882655ceb0a5b8d3f4beea54d9ab58aa36e1021e7807dbb1c72617d4dfecc,890,1075,RGB,0.827906976744186,3,867e79b13e816985,79f0e0eccccce8e8,True,,JPEG,2,1,1,False,False
C:\Users\pedro\Desktop\Projeto do TCC\Brain Tumor MRI Dataset\Training\notumor\Tr-no_1188.jpg,Training/notumor/Tr-no_1188.jpg,notumor,.jpg,train,161038,73a882655ceb0a5b8d3f4beea54d9ab58aa36e1021e7807dbb1c72617d4dfecc,890,1075,RGB,0.827906976744186,3,867e79b13e816985,79f0e0eccccce8e8,True,,JPEG,2,1,1,False,False
C:\Users\pedro\Desktop\Projeto do TCC\Brain Tumor MRI Dataset\Testing\glioma\Te-gl_140.jpg,Testing/glioma/Te-gl_140.jpg,glioma,.jpg,test,52874,75a94d8802948910edc24b520257853ad379e8be91af1393bd6b5092b23e05b1,510,602,RGB,0.8471760797342193,3,91d14b920e2f7d65,f9d89269ec9cd878,True,,JPEG,2,1,1,False,False
C:\Users\pedro\Desktop\Projeto do TCC\Brain Tumor MRI Dataset\Testing\glioma\Te-gl_238.jpg,Testing/glioma/Te-gl_238.jpg,glioma,.jpg,test,52874,75a94d8802948910edc24b520257853ad379e8be91af1393bd6b5092b23e05b1,510,602,RGB,0.8471760797342193,3,91d14b920e2f7d65,f9d89269ec9cd878,True,,JPEG,2,1,1,False,False
C:\Users\pedro\Desktop\Projeto do TCC\Brain Tumor MRI Dataset\Training\notumor\Tr-no_14.jpg,Training/notumor/Tr-no_14.jpg,notumor,.jpg,train,26202,76d577713f1cf4414f780058f2079f7e6446aba86e89a86d7dd36401ca79a727,442,442,RGB,1.0,3,ce393dc6308d369a,b279f8f0e8e07032,True,,JPEG,2,1,1,False,False
C:\Users\pedro\Desktop\Projeto do TCC\Brain Tumor MRI Dataset\Training\notumor\Tr-no_48.jpg,Training/notumor/Tr-no_48.jpg,notumor,.jpg,train,26202,76d577713f1cf4414f780058f2079f7e6446aba86e89a86d7dd36401ca79a727,442,442,RGB,1.0,3,ce393dc6308d369a,b279f8f0e8e07032,True,,JPEG,2,1,1,False,False
C:\Users\pedro\Desktop\Projeto do TCC\Brain Tumor MRI Dataset\Training\notumor\Tr-no_540.jpg,Training/notumor/Tr-no_540.jpg,notumor,.jpg,train,10393,79b6fe05b46ee2a734c4da64cd109bc508bfd1b76f46e9c496dbb406f86139f9,232,217,RGB,1.0691244239631337,3,9ec969b467329661,007071f4e4707000,True,,JPEG,2,1,1,False,False
C:\Users\pedro\Desktop\Projeto do TCC\Brain Tumor MRI Dataset\Training\notumor\Tr-no_753.jpg,Training/notumor/Tr-no_753.jpg,notumor,.jpg,train,10393,79b6fe05b46ee2a734c4da64cd109bc508bfd1b76f46e9c496dbb406f86139f9,232,217,RGB,1.0691244239631337,3,9ec969b467329661,007071f4e4707000,True,,JPEG,2,1,1,False,False
C:\Users\pedro\Desktop\Projeto do TCC\Brain Tumor MRI Dataset\Training\notumor\Tr-no_1179.jpg,Training/notumor/Tr-no_1179.jpg,notumor,.jpg,train,64566,7a7fcfb55378e4367cb3f163dc510df7e4b5f95d8fee5e4407b6ef397d56e243,724,851,RGB,0.8507638072855465,3,958f3a6a69c0387b,70f4d4d492b4d070,True,,JPEG,2,1,1,False,False
C:\Users\pedro\Desktop\Projeto do TCC\Brain Tumor MRI Dataset\Training\notumor\Tr-no_1320.jpg,Training/notumor/Tr-no_1320.jpg,notumor,.jpg,train,64566,7a7fcfb55378e4367cb3f163dc510df7e4b5f95d8fee5e4407b6ef397d56e243,724,851,RGB,0.8507638072855465,3,958f3a6a69c0387b,70f4d4d492b4d070,True,,JPEG,2,1,1,False,False
C:\Users\pedro\Desktop\Projeto do TCC\Brain Tumor MRI Dataset\Training\notumor\Tr-no_518.jpg,Training/notumor/Tr-no_518.jpg,notumor,.jpg,train,42451,7adb02dafa127d16b635a76df10314f68ded12fa7a20457e4d666d2873a2130f,336,380,RGB,0.8842105263157894,3,d44a2b656fb42d92,61d4d4b4b0b6fcf9,True,,JPEG,2,1,1,False,False
C:\Users\pedro\Desktop\Projeto do TCC\Brain Tumor MRI Dataset\Training\notumor\Tr-no_92.jpg,Training/notumor/Tr-no_92.jpg,notumor,.jpg,train,42451,7adb02dafa127d16b635a76df10314f68ded12fa7a20457e4d666d2873a2130f,336,380,RGB,0.8842105263157894,3,d44a2b656fb42d92,61d4d4b4b0b6fcf9,True,,JPEG,2,1,1,False,False
C:\Users\pedro\Desktop\Projeto do TCC\Brain Tumor MRI Dataset\Training\notumor\Tr-no_1309.jpg,Training/notumor/Tr-no_1309.jpg,notumor,.jpg,train,24589,7c103b082c141631e8475390a8b06ef7ef0cfba10e61cf2d4ce9dd1e2b08dfb0,442,442,RGB,1.0,3,c43b2fe42dc470cb,32e9e8e8e8e8e071,True,,JPEG,2,1,1,False,False
C:\Users\pedro\Desktop\Projeto do TCC\Brain Tumor MRI Dataset\Training\notumor\Tr-no_699.jpg,Training/notumor/Tr-no_699.jpg,notumor,.jpg,train,24589,7c103b082c141631e8475390a8b06ef7ef0cfba10e61cf2d4ce9dd1e2b08dfb0,442,442,RGB,1.0,3,c43b2fe42dc470cb,32e9e8e8e8e8e071,True,,JPEG,2,1,1,False,False
C:\Users\pedro\Desktop\Projeto do TCC\Brain Tumor MRI Dataset\Training\pituitary\Tr-pi_221.jpg,Training/pituitary/Tr-pi_221.jpg,pituitary,.jpg,train,32090,7d0738e4f6493b449e20a147b80f674c589dc478dd6b5ccd4fb6ea1c329f0cfe,512,512,RGB,1.0,3,d40b523e2bf57826,79dcba5464b224d4,True,,JPEG,3,1,1,False,False
C:\Users\pedro\Desktop\Projeto do TCC\Brain Tumor MRI Dataset\Training\pituitary\Tr-pi_430.jpg,Training/pituitary/Tr-pi_430.jpg,pituitary,.jpg,train,32090,7d0738e4f6493b449e20a147b80f674c589dc478dd6b5ccd4fb6ea1c329f0cfe,512,512,RGB,1.0,3,d40b523e2bf57826,79dcba5464b224d4,True,,JPEG,3,1,1,False,False
C:\Users\pedro\Desktop\Projeto do TCC\Brain Tumor MRI Dataset\Training\pituitary\Tr-pi_883.jpg,Training/pituitary/Tr-pi_883.jpg,pituitary,.jpg,train,32090,7d0738e4f6493b449e20a147b80f674c589dc478dd6b5ccd4fb6ea1c329f0cfe,512,512,RGB,1.0,3,d40b523e2bf57826,79dcba5464b224d4,True,,JPEG,3,1,1,False,False
C:\Users\pedro\Desktop\Projeto do TCC\Brain Tumor MRI Dataset\Training\notumor\Tr-no_1208.jpg,Training/notumor/Tr-no_1208.jpg,notumor,.jpg,train,37547,7d5fb3078f6ed56884ebf8c14928f4e8e05ffd2065cf1b5f4b23cd6dfa3f49ef,331,406,RGB,0.8152709359605911,3,80544fab6f813ab7,f0b494d496b2d0e0,True,,JPEG,2,1,1,False,False
C:\Users\pedro\Desktop\Projeto do TCC\Brain Tumor MRI Dataset\Training\notumor\Tr-no_410.jpg,Training/notumor/Tr-no_410.jpg,notumor,.jpg,train,37547,7d5fb3078f6ed56884ebf8c14928f4e8e05ffd2065cf1b5f4b23cd6dfa3f49ef,331,406,RGB,0.8152709359605911,3,80544fab6f813ab7,f0b494d496b2d0e0,True,,JPEG,2,1,1,False,False
C:\Users\pedro\Desktop\Projeto do TCC\Brain Tumor MRI Dataset\Training\notumor\Tr-no_766.jpg,Training/notumor/Tr-no_766.jpg,notumor,.jpg,train,63465,7f04f0b6fd5821e19cf5a273a540df06a1f6bdcaa63bb235743e274fff825fbd,562,592,RGB,0.9493243243243245,3,865e7fa86e204e99,69e8e8e8e8e8f8d0,True,,JPEG,2,1,1,False,False
C:\Users\pedro\Desktop\Projeto do TCC\Brain Tumor MRI Dataset\Training\notumor\Tr-no_967.jpg,Training/notumor/Tr-no_967.jpg,notumor,.jpg,train,63465,7f04f0b6fd5821e19cf5a273a540df06a1f6bdcaa63bb235743e274fff825fbd,562,592,RGB,0.9493243243243245,3,865e7fa86e204e99,69e8e8e8e8e8f8d0,True,,JPEG,2,1,1,False,False
C:\Users\pedro\Desktop\Projeto do TCC\Brain Tumor MRI Dataset\Training\notumor\Tr-no_1203.jpg,Training/notumor/Tr-no_1203.jpg,notumor,.jpg,train,10979,840e12a9d0fc509d61fab11db74d1716234312bd96939b632e19b8f102ace3cf,225,225,RGB,1.0,3,876a7e31789568c6,b269e0e8e8e8cc61,True,,JPEG,3,1,1,False,False
C:\Users\pedro\Desktop\Projeto do TCC\Brain Tumor MRI Dataset\Training\notumor\Tr-no_154.jpg,Training/notumor/Tr-no_154.jpg,notumor,.jpg,train,10979,840e12a9d0fc509d61fab11db74d1716234312bd96939b632e19b8f102ace3cf,225,225,RGB,1.0,3,876a7e31789568c6,b269e0e8e8e8cc61,True,,JPEG,3,1,1,False,False
C:\Users\pedro\Desktop\Projeto do TCC\Brain Tumor MRI Dataset\Training\notumor\Tr-no_725.jpg,Training/notumor/Tr-no_725.jpg,notumor,.jpg,train,10979,840e12a9d0fc509d61fab11db74d1716234312bd96939b632e19b8f102ace3cf,225,225,RGB,1.0,3,876a7e31789568c6,b269e0e8e8e8cc61,True,,JPEG,3,1,1,False,False
C:\Users\pedro\Desktop\Projeto do TCC\Brain Tumor MRI Dataset\Training\notumor\Tr-no_1289.jpg,Training/notumor/Tr-no_1289.jpg,notumor,.jpg,train,32146,84acb850a9c5348cd00623122246c83dffd727e007aedc1d484e39d06e784c6f,355,452,RGB,0.7853982300884956,3,85d67a99685b6478,71f4ccccd4d4f831,True,,JPEG,2,1,1,False,False
C:\Users\pedro\Desktop\Projeto do TCC\Brain Tumor MRI Dataset\Training\notumor\Tr-no_156.jpg,Training/notumor/Tr-no_156.jpg,notumor,.jpg,train,32146,84acb850a9c5348cd00623122246c83dffd727e007aedc1d484e39d06e784c6f,355,452,RGB,0.7853982300884956,3,85d67a99685b6478,71f4ccccd4d4f831,True,,JPEG,2,1,1,False,False
C:\Users\pedro\Desktop\Projeto do TCC\Brain Tumor MRI Dataset\Training\notumor\Tr-no_1379.jpg,Training/notumor/Tr-no_1379.jpg,notumor,.jpg,train,29015,84b2155377f2b5ec87d3988642b885d5b6249e7907486184ac311e15a8a599a9,442,442,RGB,1.0,3,870f3ee078996137,70f0c8c8ccc4f070,True,,JPEG,2,1,1,False,False
C:\Users\pedro\Desktop\Projeto do TCC\Brain Tumor MRI Dataset\Training\notumor\Tr-no_810.jpg,Training/notumor/Tr-no_810.jpg,notumor,.jpg,train,29015,84b2155377f2b5ec87d3988642b885d5b6249e7907486184ac311e15a8a599a9,442,442,RGB,1.0,3,870f3ee078996137,70f0c8c8ccc4f070,True,,JPEG,2,1,1,False,False
C:\Users\pedro\Desktop\Projeto do TCC\Brain Tumor MRI Dataset\Testing\meningioma\Te-me_116.jpg,Testing/meningioma/Te-me_116.jpg,meningioma,.jpg,test,37473,86847c6a4729a4b19bf1b3f58905c68812c6f75ea680c0ccb1621b94e165d16f,455,500,RGB,0.91,3,c4736ead39cc3984,69e8e0e0d0e4e070,True,,JPEG,2,1,1,False,False
C:\Users\pedro\Desktop\Projeto do TCC\Brain Tumor MRI Dataset\Testing\meningioma\Te-me_235.jpg,Testing/meningioma/Te-me_235.jpg,meningioma,.jpg,test,37473,86847c6a4729a4b19bf1b3f58905c68812c6f75ea680c0ccb1621b94e165d16f,455,500,RGB,0.91,3,c4736ead39cc3984,69e8e0e0d0e4e070,True,,JPEG,2,1,1,False,False
C:\Users\pedro\Desktop\Projeto do TCC\Brain Tumor MRI Dataset\Testing\glioma\Te-gl_143.jpg,Testing/glioma/Te-gl_143.jpg,glioma,.jpg,test,14413,8854fba4d018533127553c10ffebacf8d730192cb6f07d957ea5d3fb48421eea,236,298,RGB,0.7919463087248322,3,c5703a836b9f315c,69d4b0e0caeaf071,True,,JPEG,2,1,1,False,False
C:\Users\pedro\Desktop\Projeto do TCC\Brain Tumor MRI Dataset\Testing\glioma\Te-gl_72.jpg,Testing/glioma/Te-gl_72.jpg,glioma,.jpg,test,14413,8854fba4d018533127553c10ffebacf8d730192cb6f07d957ea5d3fb48421eea,236,298,RGB,0.7919463087248322,3,c5703a836b9f315c,69d4b0e0caeaf071,True,,JPEG,2,1,1,False,False
C:\Users\pedro\Desktop\Projeto do TCC\Brain Tumor MRI Dataset\Testing\glioma\Te-gl_299.jpg,Testing/glioma/Te-gl_299.jpg,glioma,.jpg,test,33913,8872585c004347ea73fad063e407998e62786cc8d7a0938ad85792f19a55eb0a,512,512,RGB,1.0,3,96493e27396cf035,70e8d4d4d4ccecf4,True,,JPEG,2,1,1,False,False
C:\Users\pedro\Desktop\Projeto do TCC\Brain Tumor MRI Dataset\Testing\glioma\Te-gl_364.jpg,Testing/glioma/Te-gl_364.jpg,glioma,.jpg,test,33913,8872585c004347ea73fad063e407998e62786cc8d7a0938ad85792f19a55eb0a,512,512,RGB,1.0,3,96493e27396cf035,70e8d4d4d4ccecf4,True,,JPEG,2,1,1,False,False
C:\Users\pedro\Desktop\Projeto do TCC\Brain Tumor MRI Dataset\Training\notumor\Tr-no_1187.jpg,Training/notumor/Tr-no_1187.jpg,notumor,.jpg,train,9387,88aba8f5a882187bc3df678f2b3a88c6c59cec1c01fb732e5671a5ffb6a494d7,220,212,RGB,1.0377358490566038,3,d21f6e603c646765,3179d0f0f0c8f071,True,,JPEG,2,1,1,False,False
C:\Users\pedro\Desktop\Projeto do TCC\Brain Tumor MRI Dataset\Training\notumor\Tr-no_420.jpg,Training/notumor/Tr-no_420.jpg,notumor,.jpg,train,9387,88aba8f5a882187bc3df678f2b3a88c6c59cec1c01fb732e5671a5ffb6a494d7,220,212,RGB,1.0377358490566038,3,d21f6e603c646765,3179d0f0f0c8f071,True,,JPEG,2,1,1,False,False
C:\Users\pedro\Desktop\Projeto do TCC\Brain Tumor MRI Dataset\Training\notumor\Tr-no_1393.jpg,Training/notumor/Tr-no_1393.jpg,notumor,.jpg,train,44008,8a05324c1e59d079c88ad71e484739999eab506d3e7eb1bca857264329113b94,414,496,RGB,0.8346774193548387,3,9199569678e96a4d,78d49292f0ccd4e8,True,,JPEG,2,1,1,False,False
C:\Users\pedro\Desktop\Projeto do TCC\Brain Tumor MRI Dataset\Training\notumor\Tr-no_642.jpg,Training/notumor/Tr-no_642.jpg,notumor,.jpg,train,44008,8a05324c1e59d079c88ad71e484739999eab506d3e7eb1bca857264329113b94,414,496,RGB,0.8346774193548387,3,9199569678e96a4d,78d49292f0ccd4e8,True,,JPEG,2,1,1,False,False
C:\Users\pedro\Desktop\Projeto do TCC\Brain Tumor MRI Dataset\Training\pituitary\Tr-pi_464.jpg,Training/pituitary/Tr-pi_464.jpg,pituitary,.jpg,train,37026,8a4a14e666a67b90bf01bac1b85170bacf41fda33c7a7394d5e82e83c6f6f324,512,512,RGB,1.0,3,d08557085e6f3ae9,e0f2499db7adaa08,True,,JPEG,2,1,1,False,False
C:\Users\pedro\Desktop\Projeto do TCC\Brain Tumor MRI Dataset\Training\pituitary\Tr-pi_75.jpg,Training/pituitary/Tr-pi_75.jpg,pituitary,.jpg,train,37026,8a4a14e666a67b90bf01bac1b85170bacf41fda33c7a7394d5e82e83c6f6f324,512,512,RGB,1.0,3,d08557085e6f3ae9,e0f2499db7adaa08,True,,JPEG,2,1,1,False,False
C:\Users\pedro\Desktop\Projeto do TCC\Brain Tumor MRI Dataset\Training\pituitary\Tr-pi_311.jpg,Training/pituitary/Tr-pi_311.jpg,pituitary,.jpg,train,35906,8afa71fed3d0307237b24872056b750f3c06ee0d9527c35241b908eb7404080f,512,512,RGB,1.0,3,80885ffc1b555ada,74e6ecda959484cc,True,,JPEG,2,1,1,False,False
C:\Users\pedro\Desktop\Projeto do TCC\Brain Tumor MRI Dataset\Training\pituitary\Tr-pi_320.jpg,Training/pituitary/Tr-pi_320.jpg,pituitary,.jpg,train,35906,8afa71fed3d0307237b24872056b750f3c06ee0d9527c35241b908eb7404080f,512,512,RGB,1.0,3,80885ffc1b555ada,74e6ecda959484cc,True,,JPEG,2,1,1,False,False
C:\Users\pedro\Desktop\Projeto do TCC\Brain Tumor MRI Dataset\Training\notumor\Tr-no_168.jpg,Training/notumor/Tr-no_168.jpg,notumor,.jpg,train,18352,8c7a08207a2f8e5bf03ed590b3a482491a6abeb9b233a40604f3422065424112,236,236,RGB,1.0,3,958b6e3829e46979,79f4d0d0dadcaccc,True,,JPEG,3,1,1,False,False
C:\Users\pedro\Desktop\Projeto do TCC\Brain Tumor MRI Dataset\Training\notumor\Tr-no_230.jpg,Training/notumor/Tr-no_230.jpg,notumor,.jpg,train,18352,8c7a08207a2f8e5bf03ed590b3a482491a6abeb9b233a40604f3422065424112,236,236,RGB,1.0,3,958b6e3829e46979,79f4d0d0dadcaccc,True,,JPEG,3,1,1,False,False
C:\Users\pedro\Desktop\Projeto do TCC\Brain Tumor MRI Dataset\Training\notumor\Tr-no_738.jpg,Training/notumor/Tr-no_738.jpg,notumor,.jpg,train,18352,8c7a08207a2f8e5bf03ed590b3a482491a6abeb9b233a40604f3422065424112,236,236,RGB,1.0,3,958b6e3829e46979,79f4d0d0dadcaccc,True,,JPEG,3,1,1,False,False
C:\Users\pedro\Desktop\Projeto do TCC\Brain Tumor MRI Dataset\Training\notumor\Tr-no_673.jpg,Training/notumor/Tr-no_673.jpg,notumor,.jpg,train,31704,8d1b8cb2975b43db869caaecbffd11f51651b6c25d35928f84cc295215cfb822,442,442,RGB,1.0,3,933e6aa16cc3348f,b278e8c8cccce871,True,,JPEG,2,1,1,False,False
C:\Users\pedro\Desktop\Projeto do TCC\Brain Tumor MRI Dataset\Training\notumor\Tr-no_995.jpg,Training/notumor/Tr-no_995.jpg,notumor,.jpg,train,31704,8d1b8cb2975b43db869caaecbffd11f51651b6c25d35928f84cc295215cfb822,442,442,RGB,1.0,3,933e6aa16cc3348f,b278e8c8cccce871,True,,JPEG,2,1,1,False,False
C:\Users\pedro\Desktop\Projeto do TCC\Brain Tumor MRI Dataset\Training\pituitary\Tr-pi_356.jpg,Training/pituitary/Tr-pi_356.jpg,pituitary,.jpg,train,137916,8d463bf588c1bc9e685df1729434a541f187054456fe244024966078fe1aef61,892,826,RGB,1.0799031476997578,3,91056efb19762699,d4f2ccc8b2217861,True,,JPEG,3,1,1,False,False
C:\Users\pedro\Desktop\Projeto do TCC\Brain Tumor MRI Dataset\Training\pituitary\Tr-pi_759.jpg,Training/pituitary/Tr-pi_759.jpg,pituitary,.jpg,train,137916,8d463bf588c1bc9e685df1729434a541f187054456fe244024966078fe1aef61,892,826,RGB,1.0799031476997578,3,91056efb19762699,d4f2ccc8b2217861,True,,JPEG,3,1,1,False,False
C:\Users\pedro\Desktop\Projeto do TCC\Brain Tumor MRI Dataset\Training\pituitary\Tr-pi_77.jpg,Training/pituitary/Tr-pi_77.jpg,pituitary,.jpg,train,137916,8d463bf588c1bc9e685df1729434a541f187054456fe244024966078fe1aef61,892,826,RGB,1.0799031476997578,3,91056efb19762699,d4f2ccc8b2217861,True,,JPEG,3,1,1,False,False
C:\Users\pedro\Desktop\Projeto do TCC\Brain Tumor MRI Dataset\Training\notumor\Tr-no_56.jpg,Training/notumor/Tr-no_56.jpg,notumor,.jpg,train,13213,8df1125bc5a3901ae602be99db7d676e79744a93eb6ed69de91b86cdb087a7a1,225,225,RGB,1.0,3,96386a716dc534e3,3171d4d4dcd4d071,True,,JPEG,2,1,1,False,False
C:\Users\pedro\Desktop\Projeto do TCC\Brain Tumor MRI Dataset\Training\notumor\Tr-no_73.jpg,Training/notumor/Tr-no_73.jpg,notumor,.jpg,train,13213,8df1125bc5a3901ae602be99db7d676e79744a93eb6ed69de91b86cdb087a7a1,225,225,RGB,1.0,3,96386a716dc534e3,3171d4d4dcd4d071,True,,JPEG,2,1,1,False,False
C:\Users\pedro\Desktop\Projeto do TCC\Brain Tumor MRI Dataset\Training\pituitary\Tr-pi_285.jpg,Training/pituitary/Tr-pi_285.jpg,pituitary,.jpg,train,33561,8e2b4a6d3ce98d740a636942e40c14783eac078cf1758678c9d5aee948057aa7,512,512,RGB,1.0,3,c00e2b7d3db17c64,71e8e8eab2aac8f0,True,,JPEG,2,1,1,False,False
C:\Users\pedro\Desktop\Projeto do TCC\Brain Tumor MRI Dataset\Training\pituitary\Tr-pi_962.jpg,Training/pituitary/Tr-pi_962.jpg,pituitary,.jpg,train,33561,8e2b4a6d3ce98d740a636942e40c14783eac078cf1758678c9d5aee948057aa7,512,512,RGB,1.0,3,c00e2b7d3db17c64,71e8e8eab2aac8f0,True,,JPEG,2,1,1,False,False
C:\Users\pedro\Desktop\Projeto do TCC\Brain Tumor MRI Dataset\Training\meningioma\Tr-aug-me_92.jpg,Training/meningioma/Tr-aug-me_92.jpg,meningioma,.jpg,train,25891,8f9c305ee1ad7c0f9e616d2f95e5536f5858b575e81d7a56e98b574bb8a20666,512,512,L,1.0,1,91da4a8d0bcb9e2e,e8cca8d4aad4d4d4,True,,JPEG,2,1,1,False,False
C:\Users\pedro\Desktop\Projeto do TCC\Brain Tumor MRI Dataset\Training\meningioma\Tr-me_268.jpg,Training/meningioma/Tr-me_268.jpg,meningioma,.jpg,train,25891,8f9c305ee1ad7c0f9e616d2f95e5536f5858b575e81d7a56e98b574bb8a20666,512,512,L,1.0,1,91da4a8d0bcb9e2e,e8cca8d4aad4d4d4,True,,JPEG,2,1,1,False,False
C:\Users\pedro\Desktop\Projeto do TCC\Brain Tumor MRI Dataset\Training\notumor\Tr-no_1397.jpg,Training/notumor/Tr-no_1397.jpg,notumor,.jpg,train,46209,90b09a698e88ffae221f5f5c0c732e7a17e93387b4e91fc0be28b3aa3b91ba33,411,496,RGB,0.8286290322580645,3,811956fe6c786b85,70d49292b2c8d4e0,True,,JPEG,2,1,1,False,False
C:\Users\pedro\Desktop\Projeto do TCC\Brain Tumor MRI Dataset\Training\notumor\Tr-no_660.jpg,Training/notumor/Tr-no_660.jpg,notumor,.jpg,train,46209,90b09a698e88ffae221f5f5c0c732e7a17e93387b4e91fc0be28b3aa3b91ba33,411,496,RGB,0.8286290322580645,3,811956fe6c786b85,70d49292b2c8d4e0,True,,JPEG,2,1,1,False,False
C:\Users\pedro\Desktop\Projeto do TCC\Brain Tumor MRI Dataset\Testing\glioma\Te-gl_129.jpg,Testing/glioma/Te-gl_129.jpg,glioma,.jpg,test,14885,917cadd5aad4a8288a4f759d4f4a261e66c3187dbace1293b76aa8434b691b37,200,249,RGB,0.8032128514056225,3,d0486fb33d993c26,f1c0b8b8b898c8e0,True,,JPEG,2,1,1,False,False
C:\Users\pedro\Desktop\Projeto do TCC\Brain Tumor MRI Dataset\Testing\glioma\Te-gl_303.jpg,Testing/glioma/Te-gl_303.jpg,glioma,.jpg,test,14885,917cadd5aad4a8288a4f759d4f4a261e66c3187dbace1293b76aa8434b691b37,200,249,RGB,0.8032128514056225,3,d0486fb33d993c26,f1c0b8b8b898c8e0,True,,JPEG,2,1,1,False,False
C:\Users\pedro\Desktop\Projeto do TCC\Brain Tumor MRI Dataset\Testing\glioma\Te-gl_144.jpg,Testing/glioma/Te-gl_144.jpg,glioma,.jpg,test,48294,9240553fcd8fe826ed548984db69d2d0178a14adb7aba345b6e7ba539e15d71f,544,564,RGB,0.9645390070921984,3,95d34a4b6b9d2d84,69dcaabaa8e8d471,True,,JPEG,2,1,1,False,False
C:\Users\pedro\Desktop\Projeto do TCC\Brain Tumor MRI Dataset\Testing\glioma\Te-gl_59.jpg,Testing/glioma/Te-gl_59.jpg,glioma,.jpg,test,48294,9240553fcd8fe826ed548984db69d2d0178a14adb7aba345b6e7ba539e15d71f,544,564,RGB,0.9645390070921984,3,95d34a4b6b9d2d84,69dcaabaa8e8d471,True,,JPEG,2,1,1,False,False
C:\Users\pedro\Desktop\Projeto do TCC\Brain Tumor MRI Dataset\Training\pituitary\Tr-pi_1098.jpg,Training/pituitary/Tr-pi_1098.jpg,pituitary,.jpg,train,38348,93ea61a9b554ed27c76d767221bba1d6c8b24a03521aee53f4b822b89efa41b2,512,512,RGB,1.0,3,c03d2ff03d743364,b2e8c8d4d4ccccc9,True,,JPEG,2,1,1,False,False
C:\Users\pedro\Desktop\Projeto do TCC\Brain Tumor MRI Dataset\Training\pituitary\Tr-pi_1155.jpg,Training/pituitary/Tr-pi_1155.jpg,pituitary,.jpg,train,38348,93ea61a9b554ed27c76d767221bba1d6c8b24a03521aee53f4b822b89efa41b2,512,512,RGB,1.0,3,c03d2ff03d743364,b2e8c8d4d4ccccc9,True,,JPEG,2,1,1,False,False
C:\Users\pedro\Desktop\Projeto do TCC\Brain Tumor MRI Dataset\Training\notumor\Tr-no_1334.jpg,Training/notumor/Tr-no_1334.jpg,notumor,.jpg,train,73953,95ffabd6cfd94e094cd1af64396bfa75f578a012f52b23cbf8e5fa828ffa4863,600,605,RGB,0.9917355371900828,3,966968b5719631dc,b27170d4d4f46871,True,,JPEG,2,1,1,False,False
C:\Users\pedro\Desktop\Projeto do TCC\Brain Tumor MRI Dataset\Training\notumor\Tr-no_235.jpg,Training/notumor/Tr-no_235.jpg,notumor,.jpg,train,73953,95ffabd6cfd94e094cd1af64396bfa75f578a012f52b23cbf8e5fa828ffa4863,600,605,RGB,0.9917355371900828,3,966968b5719631dc,b27170d4d4f46871,True,,JPEG,2,1,1,False,False
C:\Users\pedro\Desktop\Projeto do TCC\Brain Tumor MRI Dataset\Training\notumor\Tr-no_1016.jpg,Training/notumor/Tr-no_1016.jpg,notumor,.jpg,train,14989,9a1a7d12c935c0029511710dba377c2d37ecf4924ec19c1644b6116b48c33610,236,220,RGB,1.0727272727272728,3,95da5e394acc3998,78f4f6d4d89ee6f6,True,,JPEG,2,1,1,False,False
C:\Users\pedro\Desktop\Projeto do TCC\Brain Tumor MRI Dataset\Training\notumor\Tr-no_819.jpg,Training/notumor/Tr-no_819.jpg,notumor,.jpg,train,14989,9a1a7d12c935c0029511710dba377c2d37ecf4924ec19c1644b6116b48c33610,236,220,RGB,1.0727272727272728,3,95da5e394acc3998,78f4f6d4d89ee6f6,True,,JPEG,2,1,1,False,False
C:\Users\pedro\Desktop\Projeto do TCC\Brain Tumor MRI Dataset\Testing\glioma\Te-gl_204.jpg,Testing/glioma/Te-gl_204.jpg,glioma,.jpg,test,13125,9c20281ccdd53888d2ebcecc9c71521ed2431500eb4448e1b63465c050a0e59f,256,256,RGB,1.0,3,931b6e64689939e3,71f8f8f8cceccc71,True,,JPEG,2,1,1,False,False
C:\Users\pedro\Desktop\Projeto do TCC\Brain Tumor MRI Dataset\Testing\glioma\Te-gl_259.jpg,Testing/glioma/Te-gl_259.jpg,glioma,.jpg,test,13125,9c20281ccdd53888d2ebcecc9c71521ed2431500eb4448e1b63465c050a0e59f,256,256,RGB,1.0,3,931b6e64689939e3,71f8f8f8cceccc71,True,,JPEG,2,1,1,False,False
C:\Users\pedro\Desktop\Projeto do TCC\Brain Tumor MRI Dataset\Training\pituitary\Tr-pi_132.jpg,Training/pituitary/Tr-pi_132.jpg,pituitary,.jpg,train,30598,a1ee82164acd190067400d50f236fbb6004c0002fe3c09e4cf2d71752865140b,512,512,RGB,1.0,3,940b5b3d2a3d6c3c,79d8aadca2b614ec,True,,JPEG,2,1,1,False,False
C:\Users\pedro\Desktop\Projeto do TCC\Brain Tumor MRI Dataset\Training\pituitary\Tr-pi_564.jpg,Training/pituitary/Tr-pi_564.jpg,pituitary,.jpg,train,30598,a1ee82164acd190067400d50f236fbb6004c0002fe3c09e4cf2d71752865140b,512,512,RGB,1.0,3,940b5b3d2a3d6c3c,79d8aadca2b614ec,True,,JPEG,2,1,1,False,False
C:\Users\pedro\Desktop\Projeto do TCC\Brain Tumor MRI Dataset\Training\notumor\Tr-no_1061.jpg,Training/notumor/Tr-no_1061.jpg,notumor,.jpg,train,12392,a3d86920c0bc02e0c062091ab21078a4387ed519b881c89568ab969d3dc37d33,201,251,RGB,0.8007968127490039,3,d70a20bf12edc33c,e1e8e8484969aacc,True,,JPEG,2,1,1,False,False
C:\Users\pedro\Desktop\Projeto do TCC\Brain Tumor MRI Dataset\Training\notumor\Tr-no_1134.jpg,Training/notumor/Tr-no_1134.jpg,notumor,.jpg,train,12392,a3d86920c0bc02e0c062091ab21078a4387ed519b881c89568ab969d3dc37d33,201,251,RGB,0.8007968127490039,3,d70a20bf12edc33c,e1e8e8484969aacc,True,,JPEG,2,1,1,False,False
C:\Users\pedro\Desktop\Projeto do TCC\Brain Tumor MRI Dataset\Training\notumor\Tr-no_588.jpg,Training/notumor/Tr-no_588.jpg,notumor,.jpg,train,10908,a820973ab9e444f92fdc4e5eb2e584a72d5da660675f1793469f229f40199538,218,231,RGB,0.9437229437229436,3,863e7a706ac169e5,79e8e8e8ccdce8e8,True,,JPEG,2,1,1,False,False
C:\Users\pedro\Desktop\Projeto do TCC\Brain Tumor MRI Dataset\Training\notumor\Tr-no_989.jpg,Training/notumor/Tr-no_989.jpg,notumor,.jpg,train,10908,a820973ab9e444f92fdc4e5eb2e584a72d5da660675f1793469f229f40199538,218,231,RGB,0.9437229437229436,3,863e7a706ac169e5,79e8e8e8ccdce8e8,True,,JPEG,2,1,1,False,False
C:\Users\pedro\Desktop\Projeto do TCC\Brain Tumor MRI Dataset\Training\notumor\Tr-no_40.jpg,Training/notumor/Tr-no_40.jpg,notumor,.jpg,train,107824,a8bf58f1fee6cc15adfbbbbe78513606502269b917a52dfe0991621ad5ba401c,825,832,RGB,0.9915865384615384,3,c3363cd864b335c9,3169d4d4f0f0f871,True,,JPEG,2,1,1,False,False
C:\Users\pedro\Desktop\Projeto do TCC\Brain Tumor MRI Dataset\Training\notumor\Tr-no_581.jpg,Training/notumor/Tr-no_581.jpg,notumor,.jpg,train,107824,a8bf58f1fee6cc15adfbbbbe78513606502269b917a52dfe0991621ad5ba401c,825,832,RGB,0.9915865384615384,3,c3363cd864b335c9,3169d4d4f0f0f871,True,,JPEG,2,1,1,False,False
C:\Users\pedro\Desktop\Projeto do TCC\Brain Tumor MRI Dataset\Training\notumor\Tr-no_1000.jpg,Training/notumor/Tr-no_1000.jpg,notumor,.jpg,train,33408,aa66d8e967787f1f68a537f5300e72131b53cc4706620d41e67f74b1eb53d931,442,442,RGB,1.0,3,916e5aa75a2d2cc5,e1e8eae8e8e8f878,True,,JPEG,2,1,1,False,False
C:\Users\pedro\Desktop\Projeto do TCC\Brain Tumor MRI Dataset\Training\notumor\Tr-no_105.jpg,Training/notumor/Tr-no_105.jpg,notumor,.jpg,train,33408,aa66d8e967787f1f68a537f5300e72131b53cc4706620d41e67f74b1eb53d931,442,442,RGB,1.0,3,916e5aa75a2d2cc5,e1e8eae8e8e8f878,True,,JPEG,2,1,1,False,False
C:\Users\pedro\Desktop\Projeto do TCC\Brain Tumor MRI Dataset\Training\pituitary\Tr-pi_1122.jpg,Training/pituitary/Tr-pi_1122.jpg,pituitary,.jpg,train,268812,ac081dc77c62c1902feb757aa652c2af19c67d31ec646fd3f2a50249729f570c,1338,1304,RGB,1.0260736196319018,3,d1804b1fce6a2fd8,e8d092d4d44c88da,True,,JPEG,3,1,1,False,False
C:\Users\pedro\Desktop\Projeto do TCC\Brain Tumor MRI Dataset\Training\pituitary\Tr-pi_1196.jpg,Training/pituitary/Tr-pi_1196.jpg,pituitary,.jpg,train,268812,ac081dc77c62c1902feb757aa652c2af19c67d31ec646fd3f2a50249729f570c,1338,1304,RGB,1.0260736196319018,3,d1804b1fce6a2fd8,e8d092d4d44c88da,True,,JPEG,3,1,1,False,False
C:\Users\pedro\Desktop\Projeto do TCC\Brain Tumor MRI Dataset\Training\pituitary\Tr-pi_943.jpg,Training/pituitary/Tr-pi_943.jpg,pituitary,.jpg,train,268812,ac081dc77c62c1902feb757aa652c2af19c67d31ec646fd3f2a50249729f570c,1338,1304,RGB,1.0260736196319018,3,d1804b1fce6a2fd8,e8d092d4d44c88da,True,,JPEG,3,1,1,False,False
C:\Users\pedro\Desktop\Projeto do TCC\Brain Tumor MRI Dataset\Training\pituitary\Tr-pi_120.jpg,Training/pituitary/Tr-pi_120.jpg,pituitary,.jpg,train,35727,ac76926d9f73fd42c57092e3f991abe3036320552092ebf8d69d60d736a93622,383,436,RGB,0.8784403669724771,3,811e519e7e6a2e69,70dcaae9b2aadcd6,True,,JPEG,2,1,1,False,False
C:\Users\pedro\Desktop\Projeto do TCC\Brain Tumor MRI Dataset\Training\pituitary\Tr-pi_763.jpg,Training/pituitary/Tr-pi_763.jpg,pituitary,.jpg,train,35727,ac76926d9f73fd42c57092e3f991abe3036320552092ebf8d69d60d736a93622,383,436,RGB,0.8784403669724771,3,811e519e7e6a2e69,70dcaae9b2aadcd6,True,,JPEG,2,1,1,False,False
C:\Users\pedro\Desktop\Projeto do TCC\Brain Tumor MRI Dataset\Training\notumor\Tr-no_447.jpg,Training/notumor/Tr-no_447.jpg,notumor,.jpg,train,38799,ac76ca3b933520e9519c3fa096e38e281e467ae4bda0412daa34cb966954ff68,428,417,RGB,1.026378896882494,3,856a5ba57ab50996,61e8ec8ccececc60,True,,JPEG,3,1,1,False,False
C:\Users\pedro\Desktop\Projeto do TCC\Brain Tumor MRI Dataset\Training\notumor\Tr-no_720.jpg,Training/notumor/Tr-no_720.jpg,notumor,.jpg,train,38799,ac76ca3b933520e9519c3fa096e38e281e467ae4bda0412daa34cb966954ff68,428,417,RGB,1.026378896882494,3,856a5ba57ab50996,61e8ec8ccececc60,True,,JPEG,3,1,1,False,False
C:\Users\pedro\Desktop\Projeto do TCC\Brain Tumor MRI Dataset\Training\notumor\Tr-no_839.jpg,Training/notumor/Tr-no_839.jpg,notumor,.jpg,train,38799,ac76ca3b933520e9519c3fa096e38e281e467ae4bda0412daa34cb966954ff68,428,417,RGB,1.026378896882494,3,856a5ba57ab50996,61e8ec8ccececc60,True,,JPEG,3,1,1,False,False
C:\Users\pedro\Desktop\Projeto do TCC\Brain Tumor MRI Dataset\Training\notumor\Tr-no_1083.jpg,Training/notumor/Tr-no_1083.jpg,notumor,.jpg,train,31516,ae511b11b26309a2e60432852cb26d6b019057fc2aab35867badf8af04daa3b6,359,449,RGB,0.799554565701559,3,91973ed87a247958,71f0d4d4f0d0f0f0,True,,JPEG,2,1,1,False,False
C:\Users\pedro\Desktop\Projeto do TCC\Brain Tumor MRI Dataset\Training\notumor\Tr-no_217.jpg,Training/notumor/Tr-no_217.jpg,notumor,.jpg,train,31516,ae511b11b26309a2e60432852cb26d6b019057fc2aab35867badf8af04daa3b6,359,449,RGB,0.799554565701559,3,91973ed87a247958,71f0d4d4f0d0f0f0,True,,JPEG,2,1,1,False,False
C:\Users\pedro\Desktop\Projeto do TCC\Brain Tumor MRI Dataset\Training\pituitary\Tr-pi_1187.jpg,Training/pituitary/Tr-pi_1187.jpg,pituitary,.jpg,train,268072,aff49c4e9fbe859bc0608338e96e8e4eab4743e7100c05f81b48e68a799d38d4,1335,1302,RGB,1.0253456221198156,3,d1804b1fce6a2fd8,e8d092d4d44c88da,True,,JPEG,3,1,1,False,False
C:\Users\pedro\Desktop\Projeto do TCC\Brain Tumor MRI Dataset\Training\pituitary\Tr-pi_384.jpg,Training/pituitary/Tr-pi_384.jpg,pituitary,.jpg,train,268072,aff49c4e9fbe859bc0608338e96e8e4eab4743e7100c05f81b48e68a799d38d4,1335,1302,RGB,1.0253456221198156,3,d1804b1fce6a2fd8,e8d092d4d44c88da,True,,JPEG,3,1,1,False,False
C:\Users\pedro\Desktop\Projeto do TCC\Brain Tumor MRI Dataset\Training\pituitary\Tr-pi_863.jpg,Training/pituitary/Tr-pi_863.jpg,pituitary,.jpg,train,268072,aff49c4e9fbe859bc0608338e96e8e4eab4743e7100c05f81b48e68a799d38d4,1335,1302,RGB,1.0253456221198156,3,d1804b1fce6a2fd8,e8d092d4d44c88da,True,,JPEG,3,1,1,False,False
C:\Users\pedro\Desktop\Projeto do TCC\Brain Tumor MRI Dataset\Training\notumor\Tr-no_455.jpg,Training/notumor/Tr-no_455.jpg,notumor,.jpg,train,37869,b19b70050792743117c0ca8237e721b433a3d76b7cd1ae7e2bfaa50f73985957,267,328,RGB,0.8140243902439024,3,852c5af06697799a,e8f2faccccd6ece8,True,,JPEG,2,1,1,False,False
C:\Users\pedro\Desktop\Projeto do TCC\Brain Tumor MRI Dataset\Training\notumor\Tr-no_866.jpg,Training/notumor/Tr-no_866.jpg,notumor,.jpg,train,37869,b19b70050792743117c0ca8237e721b433a3d76b7cd1ae7e2bfaa50f73985957,267,328,RGB,0.8140243902439024,3,852c5af06697799a,e8f2faccccd6ece8,True,,JPEG,2,1,1,False,False
C:\Users\pedro\Desktop\Projeto do TCC\Brain Tumor MRI Dataset\Training\pituitary\Tr-pi_1071.jpg,Training/pituitary/Tr-pi_1071.jpg,pituitary,.jpg,train,26904,b204aa522460d1a772549e65023ac4f67b3ad1f57a1be54c59ece19fcd2d0081,512,512,RGB,1.0,3,876e38b56096655b,b261c0e8c8d470b2,True,,JPEG,3,1,1,False,False
C:\Users\pedro\Desktop\Projeto do TCC\Brain Tumor MRI Dataset\Training\pituitary\Tr-pi_1207.jpg,Training/pituitary/Tr-pi_1207.jpg,pituitary,.jpg,train,26904,b204aa522460d1a772549e65023ac4f67b3ad1f57a1be54c59ece19fcd2d0081,512,512,RGB,1.0,3,876e38b56096655b,b261c0e8c8d470b2,True,,JPEG,3,1,1,False,False
C:\Users\pedro\Desktop\Projeto do TCC\Brain Tumor MRI Dataset\Training\pituitary\Tr-pi_991.jpg,Training/pituitary/Tr-pi_991.jpg,pituitary,.jpg,train,26904,b204aa522460d1a772549e65023ac4f67b3ad1f57a1be54c59ece19fcd2d0081,512,512,RGB,1.0,3,876e38b56096655b,b261c0e8c8d470b2,True,,JPEG,3,1,1,False,False
C:\Users\pedro\Desktop\Projeto do TCC\Brain Tumor MRI Dataset\Training\notumor\Tr-no_1245.jpg,Training/notumor/Tr-no_1245.jpg,notumor,.jpg,train,35931,b396caa83da170f384de32368fd40ab0fbb00232e12fd2b463eddff69741af44,442,442,RGB,1.0,3,c23b6de135e3308e,b271d4d4d4d4f071,True,,JPEG,2,1,1,False,False
C:\Users\pedro\Desktop\Projeto do TCC\Brain Tumor MRI Dataset\Training\notumor\Tr-no_133.jpg,Training/notumor/Tr-no_133.jpg,notumor,.jpg,train,35931,b396caa83da170f384de32368fd40ab0fbb00232e12fd2b463eddff69741af44,442,442,RGB,1.0,3,c23b6de135e3308e,b271d4d4d4d4f071,True,,JPEG,2,1,1,False,False
C:\Users\pedro\Desktop\Projeto do TCC\Brain Tumor MRI Dataset\Training\notumor\Tr-no_388.jpg,Training/notumor/Tr-no_388.jpg,notumor,.jpg,train,18154,b7217d07fe4b60f472aaeee4b36e8429d4a1685bbb9fd13c1d471835326e801d,276,326,RGB,0.8466257668711656,3,d44863b71d493735,61f4a6b2a694e4e0,True,,JPEG,2,1,1,False,False
C:\Users\pedro\Desktop\Projeto do TCC\Brain Tumor MRI Dataset\Training\notumor\Tr-no_636.jpg,Training/notumor/Tr-no_636.jpg,notumor,.jpg,train,18154,b7217d07fe4b60f472aaeee4b36e8429d4a1685bbb9fd13c1d471835326e801d,276,326,RGB,0.8466257668711656,3,d44863b71d493735,61f4a6b2a694e4e0,True,,JPEG,2,1,1,False,False
C:\Users\pedro\Desktop\Projeto do TCC\Brain Tumor MRI Dataset\Training\notumor\Tr-no_1316.jpg,Training/notumor/Tr-no_1316.jpg,notumor,.jpg,train,11520,b7c27d5f1a82137601cc7630779fe2aa120bd9cfd9ddf3a2607c86255de7c9f0,228,221,RGB,1.0316742081447965,3,c22f2df074931cda,60e1e8c8cce8d870,True,,JPEG,2,1,1,False,False
C:\Users\pedro\Desktop\Projeto do TCC\Brain Tumor MRI Dataset\Training\notumor\Tr-no_475.jpg,Training/notumor/Tr-no_475.jpg,notumor,.jpg,train,11520,b7c27d5f1a82137601cc7630779fe2aa120bd9cfd9ddf3a2607c86255de7c9f0,228,221,RGB,1.0316742081447965,3,c22f2df074931cda,60e1e8c8cce8d870,True,,JPEG,2,1,1,False,False
C:\Users\pedro\Desktop\Projeto do TCC\Brain Tumor MRI Dataset\Training\meningioma\Tr-aug-me_94.jpg,Training/meningioma/Tr-aug-me_94.jpg,meningioma,.jpg,train,18849,b8a72a6ed1229b7b33dc11c8641ebf15e55e9db20fd933e6372234013b8707b8,512,512,L,1.0,1,957a6a2969a57271,b268ccf4d0ccd4f0,True,,JPEG,2,1,1,False,False
C:\Users\pedro\Desktop\Projeto do TCC\Brain Tumor MRI Dataset\Training\meningioma\Tr-me_824.jpg,Training/meningioma/Tr-me_824.jpg,meningioma,.jpg,train,18849,b8a72a6ed1229b7b33dc11c8641ebf15e55e9db20fd933e6372234013b8707b8,512,512,L,1.0,1,957a6a2969a57271,b268ccf4d0ccd4f0,True,,JPEG,2,1,1,False,False
C:\Users\pedro\Desktop\Projeto do TCC\Brain Tumor MRI Dataset\Training\notumor\Tr-no_1395.jpg,Training/notumor/Tr-no_1395.jpg,notumor,.jpg,train,11761,bd5b12c433485230720aa33032e1f6bd089702090481d7e56dccfa43435d6950,212,222,RGB,0.954954954954955,3,855e7aa16a276935,b1e0f0ececdacc78,True,,JPEG,2,1,1,False,False
C:\Users\pedro\Desktop\Projeto do TCC\Brain Tumor MRI Dataset\Training\notumor\Tr-no_17.jpg,Training/notumor/Tr-no_17.jpg,notumor,.jpg,train,11761,bd5b12c433485230720aa33032e1f6bd089702090481d7e56dccfa43435d6950,212,222,RGB,0.954954954954955,3,855e7aa16a276935,b1e0f0ececdacc78,True,,JPEG,2,1,1,False,False
C:\Users\pedro\Desktop\Projeto do TCC\Brain Tumor MRI Dataset\Training\notumor\Tr-no_1062.jpg,Training/notumor/Tr-no_1062.jpg,notumor,.jpg,train,55697,c1bf41ddb56396fd0e74b2eb7212c96a6a915ee86737c060c9db8e1439ff0390,630,630,RGB,1.0,3,c74f3fb078926129,70f0d4d4d4d4f070,True,,JPEG,3,1,1,False,False
C:\Users\pedro\Desktop\Projeto do TCC\Brain Tumor MRI Dataset\Training\notumor\Tr-no_5.jpg,Training/notumor/Tr-no_5.jpg,notumor,.jpg,train,55697,c1bf41ddb56396fd0e74b2eb7212c96a6a915ee86737c060c9db8e1439ff0390,630,630,RGB,1.0,3,c74f3fb078926129,70f0d4d4d4d4f070,True,,JPEG,3,1,1,False,False
C:\Users\pedro\Desktop\Projeto do TCC\Brain Tumor MRI Dataset\Training\notumor\Tr-no_693.jpg,Training/notumor/Tr-no_693.jpg,notumor,.jpg,train,55697,c1bf41ddb56396fd0e74b2eb7212c96a6a915ee86737c060c9db8e1439ff0390,630,630,RGB,1.0,3,c74f3fb078926129,70f0d4d4d4d4f070,True,,JPEG,3,1,1,False,False
C:\Users\pedro\Desktop\Projeto do TCC\Brain Tumor MRI Dataset\Training\pituitary\Tr-pi_193.jpg,Training/pituitary/Tr-pi_193.jpg,pituitary,.jpg,train,39045,c27c953b150b8cfa6c2820bac42a13a5d1b5b6420409973ba07a18542429afd5,512,512,RGB,1.0,3,908f573c1af60ada,70f2c8f4b9b20c88,True,,JPEG,2,1,1,False,False
C:\Users\pedro\Desktop\Projeto do TCC\Brain Tumor MRI Dataset\Training\pituitary\Tr-pi_812.jpg,Training/pituitary/Tr-pi_812.jpg,pituitary,.jpg,train,39045,c27c953b150b8cfa6c2820bac42a13a5d1b5b6420409973ba07a18542429afd5,512,512,RGB,1.0,3,908f573c1af60ada,70f2c8f4b9b20c88,True,,JPEG,2,1,1,False,False
C:\Users\pedro\Desktop\Projeto do TCC\Brain Tumor MRI Dataset\Testing\glioma\Te-gl_270.jpg,Testing/glioma/Te-gl_270.jpg,glioma,.jpg,test,38977,c2bd43b2b8cdb63dc5b6d86fa972dbc4d8395278a5e7fac7f1c972f01921a206,512,512,RGB,1.0,3,94633a6b65592567,b974d4f4c6f4f974,True,,JPEG,2,1,1,False,False
C:\Users\pedro\Desktop\Projeto do TCC\Brain Tumor MRI Dataset\Testing\glioma\Te-gl_29.jpg,Testing/glioma/Te-gl_29.jpg,glioma,.jpg,test,38977,c2bd43b2b8cdb63dc5b6d86fa972dbc4d8395278a5e7fac7f1c972f01921a206,512,512,RGB,1.0,3,94633a6b65592567,b974d4f4c6f4f974,True,,JPEG,2,1,1,False,False
C:\Users\pedro\Desktop\Projeto do TCC\Brain Tumor MRI Dataset\Testing\glioma\Te-gl_166.jpg,Testing/glioma/Te-gl_166.jpg,glioma,.jpg,test,36100,c3e0dfa4276ce9ec6db117fa83397c51ba751c0031b7ee044b682e34b5a82100,442,426,RGB,1.0375586854460097,3,95c55a0c6b3e6d70,79fcdeca9ef63cd9,True,,JPEG,2,1,1,False,False
C:\Users\pedro\Desktop\Projeto do TCC\Brain Tumor MRI Dataset\Testing\glioma\Te-gl_278.jpg,Testing/glioma/Te-gl_278.jpg,glioma,.jpg,test,36100,c3e0dfa4276ce9ec6db117fa83397c51ba751c0031b7ee044b682e34b5a82100,442,426,RGB,1.0375586854460097,3,95c55a0c6b3e6d70,79fcdeca9ef63cd9,True,,JPEG,2,1,1,False,False
C:\Users\pedro\Desktop\Projeto do TCC\Brain Tumor MRI Dataset\Training\notumor\Tr-no_1326.jpg,Training/notumor/Tr-no_1326.jpg,notumor,.jpg,train,36062,c5482c04ad0af03abc08de261901fdaa6811a99ca11a270e8dc89c550e3ccdfa,630,630,RGB,1.0,3,c77a38e56486665a,b279e8e8c0c470b2,True,,JPEG,2,1,1,False,False
C:\Users\pedro\Desktop\Projeto do TCC\Brain Tumor MRI Dataset\Training\notumor\Tr-no_411.jpg,Training/notumor/Tr-no_411.jpg,notumor,.jpg,train,36062,c5482c04ad0af03abc08de261901fdaa6811a99ca11a270e8dc89c550e3ccdfa,630,630,RGB,1.0,3,c77a38e56486665a,b279e8e8c0c470b2,True,,JPEG,2,1,1,False,False
C:\Users\pedro\Desktop\Projeto do TCC\Brain Tumor MRI Dataset\Testing\glioma\Te-gl_212.jpg,Testing/glioma/Te-gl_212.jpg,glioma,.jpg,test,47089,c711a606ec66e74a2bbe5721727a3deeb2fd9e4b20aa50c99afd65d7dea42541,524,581,RGB,0.9018932874354562,3,d40a51553bc60e7f,f0a661612bb48e8e,True,,JPEG,3,1,1,False,False
C:\Users\pedro\Desktop\Projeto do TCC\Brain Tumor MRI Dataset\Testing\glioma\Te-gl_272.jpg,Testing/glioma/Te-gl_272.jpg,glioma,.jpg,test,47089,c711a606ec66e74a2bbe5721727a3deeb2fd9e4b20aa50c99afd65d7dea42541,524,581,RGB,0.9018932874354562,3,d40a51553bc60e7f,f0a661612bb48e8e,True,,JPEG,3,1,1,False,False
C:\Users\pedro\Desktop\Projeto do TCC\Brain Tumor MRI Dataset\Testing\glioma\Te-gl_338.jpg,Testing/glioma/Te-gl_338.jpg,glioma,.jpg,test,47089,c711a606ec66e74a2bbe5721727a3deeb2fd9e4b20aa50c99afd65d7dea42541,524,581,RGB,0.9018932874354562,3,d40a51553bc60e7f,f0a661612bb48e8e,True,,JPEG,3,1,1,False,False
C:\Users\pedro\Desktop\Projeto do TCC\Brain Tumor MRI Dataset\Training\notumor\Tr-no_933.jpg,Training/notumor/Tr-no_933.jpg,notumor,.jpg,train,72192,ca0417b4c4dc6ac92ebdeeb71231b1a60a16299d04b7735c1bf725aa0649d8c2,926,649,RGB,1.4268104776579351,3,950f453b0ee77630,c4d0e8e4ba989ee6,True,,JPEG,2,1,1,False,False
C:\Users\pedro\Desktop\Projeto do TCC\Brain Tumor MRI Dataset\Training\notumor\Tr-no_969.jpg,Training/notumor/Tr-no_969.jpg,notumor,.jpg,train,72192,ca0417b4c4dc6ac92ebdeeb71231b1a60a16299d04b7735c1bf725aa0649d8c2,926,649,RGB,1.4268104776579351,3,950f453b0ee77630,c4d0e8e4ba989ee6,True,,JPEG,2,1,1,False,False
C:\Users\pedro\Desktop\Projeto do TCC\Brain Tumor MRI Dataset\Training\notumor\Tr-no_1140.jpg,Training/notumor/Tr-no_1140.jpg,notumor,.jpg,train,33685,ca5a51914cad005d72af57fa6c9142fc9d650ca06ba23f3e839991c3fa4c8b36,512,512,RGB,1.0,3,ce393dc6308d369a,b279f8f0e8e0f0b2,True,,JPEG,3,1,1,False,False
C:\Users\pedro\Desktop\Projeto do TCC\Brain Tumor MRI Dataset\Training\notumor\Tr-no_749.jpg,Training/notumor/Tr-no_749.jpg,notumor,.jpg,train,33685,ca5a51914cad005d72af57fa6c9142fc9d650ca06ba23f3e839991c3fa4c8b36,512,512,RGB,1.0,3,ce393dc6308d369a,b279f8f0e8e0f0b2,True,,JPEG,3,1,1,False,False
C:\Users\pedro\Desktop\Projeto do TCC\Brain Tumor MRI Dataset\Training\notumor\Tr-no_931.jpg,Training/notumor/Tr-no_931.jpg,notumor,.jpg,train,33685,ca5a51914cad005d72af57fa6c9142fc9d650ca06ba23f3e839991c3fa4c8b36,512,512,RGB,1.0,3,ce393dc6308d369a,b279f8f0e8e0f0b2,True,,JPEG,3,1,1,False,False
C:\Users\pedro\Desktop\Projeto do TCC\Brain Tumor MRI Dataset\Training\notumor\Tr-no_116.jpg,Training/notumor/Tr-no_116.jpg,notumor,.jpg,train,111486,cc336bb30a64c66a0897e048331ca9818b553b8d0c313ed4980971c5b8ea1b46,755,824,RGB,0.91626213592233,3,9443481f6b691f6d,e8d49694e8e8d496,True,,JPEG,2,1,1,False,False
C:\Users\pedro\Desktop\Projeto do TCC\Brain Tumor MRI Dataset\Training\notumor\Tr-no_121.jpg,Training/notumor/Tr-no_121.jpg,notumor,.jpg,train,111486,cc336bb30a64c66a0897e048331ca9818b553b8d0c313ed4980971c5b8ea1b46,755,824,RGB,0.91626213592233,3,9443481f6b691f6d,e8d49694e8e8d496,True,,JPEG,2,1,1,False,False
C:\Users\pedro\Desktop\Projeto do TCC\Brain Tumor MRI Dataset\Training\notumor\Tr-no_1291.jpg,Training/notumor/Tr-no_1291.jpg,notumor,.jpg,train,31382,ce8380b51fcf1dbb1347069191fbeabf20712e1b0673efc65c08c87c70b1a1af,452,509,RGB,0.888015717092338,3,861e5ae53c3661cb,71f0cccccccce071,True,,JPEG,2,1,1,False,False
C:\Users\pedro\Desktop\Projeto do TCC\Brain Tumor MRI Dataset\Training\notumor\Tr-no_490.jpg,Training/notumor/Tr-no_490.jpg,notumor,.jpg,train,31382,ce8380b51fcf1dbb1347069191fbeabf20712e1b0673efc65c08c87c70b1a1af,452,509,RGB,0.888015717092338,3,861e5ae53c3661cb,71f0cccccccce071,True,,JPEG,2,1,1,False,False
C:\Users\pedro\Desktop\Projeto do TCC\Brain Tumor MRI Dataset\Training\notumor\Tr-no_1063.jpg,Training/notumor/Tr-no_1063.jpg,notumor,.jpg,train,6264,d22f76ae6780bc947ddeb36446b3bb97bfcc5ada33b8db69753949c9d214111a,225,225,RGB,1.0,3,870f3ee078996137,70f0c8c8ccc4f070,True,,JPEG,2,1,1,False,False
C:\Users\pedro\Desktop\Projeto do TCC\Brain Tumor MRI Dataset\Training\notumor\Tr-no_864.jpg,Training/notumor/Tr-no_864.jpg,notumor,.jpg,train,6264,d22f76ae6780bc947ddeb36446b3bb97bfcc5ada33b8db69753949c9d214111a,225,225,RGB,1.0,3,870f3ee078996137,70f0c8c8ccc4f070,True,,JPEG,2,1,1,False,False
C:\Users\pedro\Desktop\Projeto do TCC\Brain Tumor MRI Dataset\Training\notumor\Tr-no_1105.jpg,Training/notumor/Tr-no_1105.jpg,notumor,.jpg,train,14255,d56567916b5975d9f260f61a4cad99040696bd105293112af3d703c4bec42feb,203,243,RGB,0.8353909465020576,3,916a1fad3a226c9d,e8e8cccce8d6d8f8,True,,JPEG,2,1,1,False,False
C:\Users\pedro\Desktop\Projeto do TCC\Brain Tumor MRI Dataset\Training\notumor\Tr-no_569.jpg,Training/notumor/Tr-no_569.jpg,notumor,.jpg,train,14255,d56567916b5975d9f260f61a4cad99040696bd105293112af3d703c4bec42feb,203,243,RGB,0.8353909465020576,3,916a1fad3a226c9d,e8e8cccce8d6d8f8,True,,JPEG,2,1,1,False,False
C:\Users\pedro\Desktop\Projeto do TCC\Brain Tumor MRI Dataset\Training\notumor\Tr-no_486.jpg,Training/notumor/Tr-no_486.jpg,notumor,.jpg,train,15476,d62ef020a79e42be55f4a6977457753c11364c69c1a842aab749f45b910a348f,227,300,RGB,0.7566666666666667,3,926e6cb72fc07185,70e8e8e978cce8f0,True,,JPEG,2,1,1,False,False
C:\Users\pedro\Desktop\Projeto do TCC\Brain Tumor MRI Dataset\Training\notumor\Tr-no_920.jpg,Training/notumor/Tr-no_920.jpg,notumor,.jpg,train,15476,d62ef020a79e42be55f4a6977457753c11364c69c1a842aab749f45b910a348f,227,300,RGB,0.7566666666666667,3,926e6cb72fc07185,70e8e8e978cce8f0,True,,JPEG,2,1,1,False,False
C:\Users\pedro\Desktop\Projeto do TCC\Brain Tumor MRI Dataset\Training\notumor\Tr-no_423.jpg,Training/notumor/Tr-no_423.jpg,notumor,.jpg,train,35854,da9ef6cef60bdcf63e1cb2c07ebe5bfb5a1c08c74dadf280915d55d7c3e36d9a,409,442,RGB,0.9253393665158371,3,844a4f2d7e257c71,61f0ececccd4d4f0,True,,JPEG,2,1,1,False,False
C:\Users\pedro\Desktop\Projeto do TCC\Brain Tumor MRI Dataset\Training\notumor\Tr-no_63.jpg,Training/notumor/Tr-no_63.jpg,notumor,.jpg,train,35854,da9ef6cef60bdcf63e1cb2c07ebe5bfb5a1c08c74dadf280915d55d7c3e36d9a,409,442,RGB,0.9253393665158371,3,844a4f2d7e257c71,61f0ececccd4d4f0,True,,JPEG,2,1,1,False,False
C:\Users\pedro\Desktop\Projeto do TCC\Brain Tumor MRI Dataset\Training\notumor\Tr-no_1095.jpg,Training/notumor/Tr-no_1095.jpg,notumor,.jpg,train,14296,db13da94073aaa03960e97acb4ab41019e4be57c88c8b708e66791696f4bc4b9,207,243,RGB,0.8518518518518519,3,865e5b886a66794d,78ecececccece470,True,,JPEG,2,1,1,False,False
C:\Users\pedro\Desktop\Projeto do TCC\Brain Tumor MRI Dataset\Training\notumor\Tr-no_69.jpg,Training/notumor/Tr-no_69.jpg,notumor,.jpg,train,14296,db13da94073aaa03960e97acb4ab41019e4be57c88c8b708e66791696f4bc4b9,207,243,RGB,0.8518518518518519,3,865e5b886a66794d,78ecececccece470,True,,JPEG,2,1,1,False,False
C:\Users\pedro\Desktop\Projeto do TCC\Brain Tumor MRI Dataset\Training\notumor\Tr-no_1039.jpg,Training/notumor/Tr-no_1039.jpg,notumor,.jpg,train,58801,dc811fda9f7bc3506f21d4094da84c5e3a81d3878b28967b830536fda342a33e,630,630,RGB,1.0,3,907a6fc56d92344d,b2f8dcdcd4d4f0b0,True,,JPEG,3,1,1,False,False
C:\Users\pedro\Desktop\Projeto do TCC\Brain Tumor MRI Dataset\Training\notumor\Tr-no_1385.jpg,Training/notumor/Tr-no_1385.jpg,notumor,.jpg,train,58801,dc811fda9f7bc3506f21d4094da84c5e3a81d3878b28967b830536fda342a33e,630,630,RGB,1.0,3,907a6fc56d92344d,b2f8dcdcd4d4f0b0,True,,JPEG,3,1,1,False,False
C:\Users\pedro\Desktop\Projeto do TCC\Brain Tumor MRI Dataset\Training\notumor\Tr-no_600.jpg,Training/notumor/Tr-no_600.jpg,notumor,.jpg,train,58801,dc811fda9f7bc3506f21d4094da84c5e3a81d3878b28967b830536fda342a33e,630,630,RGB,1.0,3,907a6fc56d92344d,b2f8dcdcd4d4f0b0,True,,JPEG,3,1,1,False,False
C:\Users\pedro\Desktop\Projeto do TCC\Brain Tumor MRI Dataset\Training\pituitary\Tr-pi_1252.jpg,Training/pituitary/Tr-pi_1252.jpg,pituitary,.jpg,train,74371,dc8ef910fb6a27abfe1862e83beeacb91864e160cd6919e5f0b2ebc039b865c4,624,607,RGB,1.028006589785832,3,954a356b55275395,d2bdece4202b669e,True,,JPEG,3,1,1,False,False
C:\Users\pedro\Desktop\Projeto do TCC\Brain Tumor MRI Dataset\Training\pituitary\Tr-pi_461.jpg,Training/pituitary/Tr-pi_461.jpg,pituitary,.jpg,train,74371,dc8ef910fb6a27abfe1862e83beeacb91864e160cd6919e5f0b2ebc039b865c4,624,607,RGB,1.028006589785832,3,954a356b55275395,d2bdece4202b669e,True,,JPEG,3,1,1,False,False
C:\Users\pedro\Desktop\Projeto do TCC\Brain Tumor MRI Dataset\Training\pituitary\Tr-pi_528.jpg,Training/pituitary/Tr-pi_528.jpg,pituitary,.jpg,train,74371,dc8ef910fb6a27abfe1862e83beeacb91864e160cd6919e5f0b2ebc039b865c4,624,607,RGB,1.028006589785832,3,954a356b55275395,d2bdece4202b669e,True,,JPEG,3,1,1,False,False
C:\Users\pedro\Desktop\Projeto do TCC\Brain Tumor MRI Dataset\Training\notumor\Tr-no_1015.jpg,Training/notumor/Tr-no_1015.jpg,notumor,.jpg,train,27824,de08225737a2a8a8ddda2e0684baa925356b9c0fe77585f2992a0980398c2d07,393,400,RGB,0.9825,3,c04b2fb57c646c9c,70f1d4d4f0f0f061,True,,JPEG,2,1,1,False,False
C:\Users\pedro\Desktop\Projeto do TCC\Brain Tumor MRI Dataset\Training\notumor\Tr-no_1339.jpg,Training/notumor/Tr-no_1339.jpg,notumor,.jpg,train,27824,de08225737a2a8a8ddda2e0684baa925356b9c0fe77585f2992a0980398c2d07,393,400,RGB,0.9825,3,c04b2fb57c646c9c,70f1d4d4f0f0f061,True,,JPEG,2,1,1,False,False
C:\Users\pedro\Desktop\Projeto do TCC\Brain Tumor MRI Dataset\Training\pituitary\Tr-pi_1154.jpg,Training/pituitary/Tr-pi_1154.jpg,pituitary,.jpg,train,46623,de35915b30be9cb513305bb03b1fcf263dadf7259aa666e02f09215118f7f65a,512,512,RGB,1.0,3,d14e10f74c176799,c4a8c8d4b2ca8ab0,True,,JPEG,4,1,1,False,False
C:\Users\pedro\Desktop\Projeto do TCC\Brain Tumor MRI Dataset\Training\pituitary\Tr-pi_1211.jpg,Training/pituitary/Tr-pi_1211.jpg,pituitary,.jpg,train,46623,de35915b30be9cb513305bb03b1fcf263dadf7259aa666e02f09215118f7f65a,512,512,RGB,1.0,3,d14e10f74c176799,c4a8c8d4b2ca8ab0,True,,JPEG,4,1,1,False,False
C:\Users\pedro\Desktop\Projeto do TCC\Brain Tumor MRI Dataset\Training\pituitary\Tr-pi_1339.jpg,Training/pituitary/Tr-pi_1339.jpg,pituitary,.jpg,train,46623,de35915b30be9cb513305bb03b1fcf263dadf7259aa666e02f09215118f7f65a,512,512,RGB,1.0,3,d14e10f74c176799,c4a8c8d4b2ca8ab0,True,,JPEG,4,1,1,False,False
C:\Users\pedro\Desktop\Projeto do TCC\Brain Tumor MRI Dataset\Training\pituitary\Tr-pi_160.jpg,Training/pituitary/Tr-pi_160.jpg,pituitary,.jpg,train,46623,de35915b30be9cb513305bb03b1fcf263dadf7259aa666e02f09215118f7f65a,512,512,RGB,1.0,3,d14e10f74c176799,c4a8c8d4b2ca8ab0,True,,JPEG,4,1,1,False,False
C:\Users\pedro\Desktop\Projeto do TCC\Brain Tumor MRI Dataset\Training\pituitary\Tr-pi_1323.jpg,Training/pituitary/Tr-pi_1323.jpg,pituitary,.jpg,train,33614,dea65808e631f46024aaa034984629ab8a455f2b951ca7022f12fa9e62b7c8ff,512,512,RGB,1.0,3,950a57783e7d6831,78ccba66dd92964e,True,,JPEG,2,1,1,False,False
C:\Users\pedro\Desktop\Projeto do TCC\Brain Tumor MRI Dataset\Training\pituitary\Tr-pi_984.jpg,Training/pituitary/Tr-pi_984.jpg,pituitary,.jpg,train,33614,dea65808e631f46024aaa034984629ab8a455f2b951ca7022f12fa9e62b7c8ff,512,512,RGB,1.0,3,950a57783e7d6831,78ccba66dd92964e,True,,JPEG,2,1,1,False,False
C:\Users\pedro\Desktop\Projeto do TCC\Brain Tumor MRI Dataset\Training\notumor\Tr-no_1302.jpg,Training/notumor/Tr-no_1302.jpg,notumor,.jpg,train,78104,e22f980ae6f8f79a1fd96c0e2711d06767493d2d7c19d885fd89f6207702c3f3,680,680,RGB,1.0,3,966a39a17ac56987,b170e0e8ecf0f069,True,,JPEG,2,1,1,False,False
C:\Users\pedro\Desktop\Projeto do TCC\Brain Tumor MRI Dataset\Training\notumor\Tr-no_341.jpg,Training/notumor/Tr-no_341.jpg,notumor,.jpg,train,78104,e22f980ae6f8f79a1fd96c0e2711d06767493d2d7c19d885fd89f6207702c3f3,680,680,RGB,1.0,3,966a39a17ac56987,b170e0e8ecf0f069,True,,JPEG,2,1,1,False,False
C:\Users\pedro\Desktop\Projeto do TCC\Brain Tumor MRI Dataset\Training\meningioma\Tr-me_432.jpg,Training/meningioma/Tr-me_432.jpg,meningioma,.jpg,train,25923,e2c7bc9c2d735e5b584b329f5cda1aec1f2415b2972c4aa8efc8d0a61e61b280,341,395,RGB,0.8632911392405064,3,c50c115b4e3f7ce2,d4c8a4c5c802ceca,True,,JPEG,2,1,1,False,False
C:\Users\pedro\Desktop\Projeto do TCC\Brain Tumor MRI Dataset\Training\meningioma\Tr-me_561.jpg,Training/meningioma/Tr-me_561.jpg,meningioma,.jpg,train,25923,e2c7bc9c2d735e5b584b329f5cda1aec1f2415b2972c4aa8efc8d0a61e61b280,341,395,RGB,0.8632911392405064,3,c50c115b4e3f7ce2,d4c8a4c5c802ceca,True,,JPEG,2,1,1,False,False
C:\Users\pedro\Desktop\Projeto do TCC\Brain Tumor MRI Dataset\Training\notumor\Tr-no_315.jpg,Training/notumor/Tr-no_315.jpg,notumor,.jpg,train,165993,e3ea07d69e4b3242a2bc56046a2c9547c6e15d8169d3bdad7d4f8f9baf2a2442,850,872,RGB,0.9747706422018348,3,904b7b156d4eb46c,71f0d4f4b2d4f831,True,,JPEG,3,1,1,False,False
C:\Users\pedro\Desktop\Projeto do TCC\Brain Tumor MRI Dataset\Training\notumor\Tr-no_8.jpg,Training/notumor/Tr-no_8.jpg,notumor,.jpg,train,165993,e3ea07d69e4b3242a2bc56046a2c9547c6e15d8169d3bdad7d4f8f9baf2a2442,850,872,RGB,0.9747706422018348,3,904b7b156d4eb46c,71f0d4f4b2d4f831,True,,JPEG,3,1,1,False,False
C:\Users\pedro\Desktop\Projeto do TCC\Brain Tumor MRI Dataset\Training\notumor\Tr-no_935.jpg,Training/notumor/Tr-no_935.jpg,notumor,.jpg,train,165993,e3ea07d69e4b3242a2bc56046a2c9547c6e15d8169d3bdad7d4f8f9baf2a2442,850,872,RGB,0.9747706422018348,3,904b7b156d4eb46c,71f0d4f4b2d4f831,True,,JPEG,3,1,1,False,False
C:\Users\pedro\Desktop\Projeto do TCC\Brain Tumor MRI Dataset\Training\meningioma\Tr-aug-me_90.jpg,Training/meningioma/Tr-aug-me_90.jpg,meningioma,.jpg,train,13954,e50960c499e99a17df350e4f261d140bb10d74d9a3d81d91c4878542e2b32538,512,512,L,1.0,1,c34f6c913066733b,b270e8c4c8c870b2,True,,JPEG,2,1,1,False,False
C:\Users\pedro\Desktop\Projeto do TCC\Brain Tumor MRI Dataset\Training\meningioma\Tr-me_1242.jpg,Training/meningioma/Tr-me_1242.jpg,meningioma,.jpg,train,13954,e50960c499e99a17df350e4f261d140bb10d74d9a3d81d91c4878542e2b32538,512,512,L,1.0,1,c34f6c913066733b,b270e8c4c8c870b2,True,,JPEG,2,1,1,False,False
C:\Users\pedro\Desktop\Projeto do TCC\Brain Tumor MRI Dataset\Training\pituitary\Tr-pi_286.jpg,Training/pituitary/Tr-pi_286.jpg,pituitary,.jpg,train,29953,e99074ab025d65cc916b786675d37496c0f045c8267c222bfbc29c04dab42ffd,350,400,RGB,0.875,3,f54a00ff488dd669,d4e8685503492a96,True,,JPEG,2,1,1,False,False
C:\Users\pedro\Desktop\Projeto do TCC\Brain Tumor MRI Dataset\Training\pituitary\Tr-pi_397.jpg,Training/pituitary/Tr-pi_397.jpg,pituitary,.jpg,train,29953,e99074ab025d65cc916b786675d37496c0f045c8267c222bfbc29c04dab42ffd,350,400,RGB,0.875,3,f54a00ff488dd669,d4e8685503492a96,True,,JPEG,2,1,1,False,False
C:\Users\pedro\Desktop\Projeto do TCC\Brain Tumor MRI Dataset\Training\notumor\Tr-no_1145.jpg,Training/notumor/Tr-no_1145.jpg,notumor,.jpg,train,12710,e9a63334af63a2ec8cab2149ec091466c60df5fe115cf36cc30c9304dacbb376,201,250,RGB,0.804,3,805b1ff87a9168cd,71d4d49696aad468,True,,JPEG,3,1,1,False,False
C:\Users\pedro\Desktop\Projeto do TCC\Brain Tumor MRI Dataset\Training\notumor\Tr-no_1234.jpg,Training/notumor/Tr-no_1234.jpg,notumor,.jpg,train,12710,e9a63334af63a2ec8cab2149ec091466c60df5fe115cf36cc30c9304dacbb376,201,250,RGB,0.804,3,805b1ff87a9168cd,71d4d49696aad468,True,,JPEG,3,1,1,False,False
C:\Users\pedro\Desktop\Projeto do TCC\Brain Tumor MRI Dataset\Training\notumor\Tr-no_430.jpg,Training/notumor/Tr-no_430.jpg,notumor,.jpg,train,12710,e9a63334af63a2ec8cab2149ec091466c60df5fe115cf36cc30c9304dacbb376,201,250,RGB,0.804,3,805b1ff87a9168cd,71d4d49696aad468,True,,JPEG,3,1,1,False,False
C:\Users\pedro\Desktop\Projeto do TCC\Brain Tumor MRI Dataset\Training\notumor\Tr-no_304.jpg,Training/notumor/Tr-no_304.jpg,notumor,.jpg,train,34775,ee17905768c01705c6abcc330d664f063c5ceada4e3ea6722be796cc9bc9986f,512,512,RGB,1.0,3,967a6ea568c3218f,3169f0e8dcdce871,True,,JPEG,2,1,1,False,False
C:\Users\pedro\Desktop\Projeto do TCC\Brain Tumor MRI Dataset\Training\notumor\Tr-no_916.jpg,Training/notumor/Tr-no_916.jpg,notumor,.jpg,train,34775,ee17905768c01705c6abcc330d664f063c5ceada4e3ea6722be796cc9bc9986f,512,512,RGB,1.0,3,967a6ea568c3218f,3169f0e8dcdce871,True,,JPEG,2,1,1,False,False
C:\Users\pedro\Desktop\Projeto do TCC\Brain Tumor MRI Dataset\Training\meningioma\Tr-aug-me_95.jpg,Training/meningioma/Tr-aug-me_95.jpg,meningioma,.jpg,train,19648,ef0e11d139ea444dbd4e266a8ccd3f79d22d82c5b16189481ec4047b605fb9c8,512,512,L,1.0,1,97597a2f68663829,71d8c8ccd0ccecec,True,,JPEG,2,1,1,False,False
C:\Users\pedro\Desktop\Projeto do TCC\Brain Tumor MRI Dataset\Training\meningioma\Tr-me_1295.jpg,Training/meningioma/Tr-me_1295.jpg,meningioma,.jpg,train,19648,ef0e11d139ea444dbd4e266a8ccd3f79d22d82c5b16189481ec4047b605fb9c8,512,512,L,1.0,1,97597a2f68663829,71d8c8ccd0ccecec,True,,JPEG,2,1,1,False,False
C:\Users\pedro\Desktop\Projeto do TCC\Brain Tumor MRI Dataset\Training\notumor\Tr-no_1290.jpg,Training/notumor/Tr-no_1290.jpg,notumor,.jpg,train,12785,ef5addab9afd41d9a24d73711092b35f1610683975b03f80bff9d48d144970ef,225,225,RGB,1.0,3,963c69e3649683ce,00f178ece8e87030,True,,JPEG,2,1,1,False,False
C:\Users\pedro\Desktop\Projeto do TCC\Brain Tumor MRI Dataset\Training\notumor\Tr-no_281.jpg,Training/notumor/Tr-no_281.jpg,notumor,.jpg,train,12785,ef5addab9afd41d9a24d73711092b35f1610683975b03f80bff9d48d144970ef,225,225,RGB,1.0,3,963c69e3649683ce,00f178ece8e87030,True,,JPEG,2,1,1,False,False
C:\Users\pedro\Desktop\Projeto do TCC\Brain Tumor MRI Dataset\Training\pituitary\Tr-pi_17.jpg,Training/pituitary/Tr-pi_17.jpg,pituitary,.jpg,train,189502,f2152513bd2804ec1ef7e8b188ab72a991417708a0b98e3dac3131578d1aa794,900,741,RGB,1.214574898785425,3,959f1e586b1af418,7cf0eacad2d4ece4,True,,JPEG,2,1,1,False,False
C:\Users\pedro\Desktop\Projeto do TCC\Brain Tumor MRI Dataset\Training\pituitary\Tr-pi_306.jpg,Training/pituitary/Tr-pi_306.jpg,pituitary,.jpg,train,189502,f2152513bd2804ec1ef7e8b188ab72a991417708a0b98e3dac3131578d1aa794,900,741,RGB,1.214574898785425,3,959f1e586b1af418,7cf0eacad2d4ece4,True,,JPEG,2,1,1,False,False
C:\Users\pedro\Desktop\Projeto do TCC\Brain Tumor MRI Dataset\Training\notumor\Tr-no_1070.jpg,Training/notumor/Tr-no_1070.jpg,notumor,.jpg,train,21850,f3ce33b26a3784299fc2bc72215752b531bb1ff11e9b65dc39376039f8809f64,236,366,RGB,0.644808743169399,3,b1560cc51ce52afe,f8d89d9a38d74fb3,True,,JPEG,2,1,1,False,False
C:\Users\pedro\Desktop\Projeto do TCC\Brain Tumor MRI Dataset\Training\notumor\Tr-no_412.jpg,Training/notumor/Tr-no_412.jpg,notumor,.jpg,train,21850,f3ce33b26a3784299fc2bc72215752b531bb1ff11e9b65dc39376039f8809f64,236,366,RGB,0.644808743169399,3,b1560cc51ce52afe,f8d89d9a38d74fb3,True,,JPEG,2,1,1,False,False
C:\Users\pedro\Desktop\Projeto do TCC\Brain Tumor MRI Dataset\Testing\meningioma\Te-me_179.jpg,Testing/meningioma/Te-me_179.jpg,meningioma,.jpg,test,28353,f55311fb8ccf1b86450233262bd00b176bd1c404e5849b59c0a3cd5e4440626b,341,395,RGB,0.8632911392405064,3,c50c115b4e3f7ce2,d4c8a4c5c802ceca,True,,JPEG,2,1,1,False,False
C:\Users\pedro\Desktop\Projeto do TCC\Brain Tumor MRI Dataset\Testing\meningioma\Te-me_198.jpg,Testing/meningioma/Te-me_198.jpg,meningioma,.jpg,test,28353,f55311fb8ccf1b86450233262bd00b176bd1c404e5849b59c0a3cd5e4440626b,341,395,RGB,0.8632911392405064,3,c50c115b4e3f7ce2,d4c8a4c5c802ceca,True,,JPEG,2,1,1,False,False
C:\Users\pedro\Desktop\Projeto do TCC\Brain Tumor MRI Dataset\Training\pituitary\Tr-pi_1181.jpg,Training/pituitary/Tr-pi_1181.jpg,pituitary,.jpg,train,225311,f764c8846c7fe11dce4e99b2bfa153347eb2976ae53857392f31f82b127b2270,1168,1178,RGB,0.9915110356536504,3,805f757a7c62286d,38fcddf876d58aa6,True,,JPEG,2,1,1,False,False
C:\Users\pedro\Desktop\Projeto do TCC\Brain Tumor MRI Dataset\Training\pituitary\Tr-pi_668.jpg,Training/pituitary/Tr-pi_668.jpg,pituitary,.jpg,train,225311,f764c8846c7fe11dce4e99b2bfa153347eb2976ae53857392f31f82b127b2270,1168,1178,RGB,0.9915110356536504,3,805f757a7c62286d,38fcddf876d58aa6,True,,JPEG,2,1,1,False,False
C:\Users\pedro\Desktop\Projeto do TCC\Brain Tumor MRI Dataset\Training\notumor\Tr-no_721.jpg,Training/notumor/Tr-no_721.jpg,notumor,.jpg,train,11391,f932387c00c74ebaede60e0b5e0d79dbff6b944e066d510f4c95834f05050e3e,225,225,RGB,1.0,3,9ccc6e33399c6332,b260f4f0f0d4e8b0,True,,JPEG,2,1,1,False,False
C:\Users\pedro\Desktop\Projeto do TCC\Brain Tumor MRI Dataset\Training\notumor\Tr-no_81.jpg,Training/notumor/Tr-no_81.jpg,notumor,.jpg,train,11391,f932387c00c74ebaede60e0b5e0d79dbff6b944e066d510f4c95834f05050e3e,225,225,RGB,1.0,3,9ccc6e33399c6332,b260f4f0f0d4e8b0,True,,JPEG,2,1,1,False,False
C:\Users\pedro\Desktop\Projeto do TCC\Brain Tumor MRI Dataset\Training\notumor\Tr-no_1374.jpg,Training/notumor/Tr-no_1374.jpg,notumor,.jpg,train,69322,f9ab73351fe5dd8b0cac9d28282c9faff3f83bb3aad1a4fb2769c6e94cb25eb4,655,602,RGB,1.0880398671096343,3,954b1e790afe6918,70dcf0c0d896b4f4,True,,JPEG,2,1,1,False,False
C:\Users\pedro\Desktop\Projeto do TCC\Brain Tumor MRI Dataset\Training\notumor\Tr-no_840.jpg,Training/notumor/Tr-no_840.jpg,notumor,.jpg,train,69322,f9ab73351fe5dd8b0cac9d28282c9faff3f83bb3aad1a4fb2769c6e94cb25eb4,655,602,RGB,1.0880398671096343,3,954b1e790afe6918,70dcf0c0d896b4f4,True,,JPEG,2,1,1,False,False
C:\Users\pedro\Desktop\Projeto do TCC\Brain Tumor MRI Dataset\Training\notumor\Tr-no_1346.jpg,Training/notumor/Tr-no_1346.jpg,notumor,.jpg,train,7041,fa0c1c4fb6eabf57c61ae1afd2f24efd5aa69d47a6df7d468579cdee91a86c8a,206,244,RGB,0.8442622950819673,3,95625bec3a84689f,60d0ccc4f4d2f078,True,,JPEG,2,1,1,False,False
C:\Users\pedro\Desktop\Projeto do TCC\Brain Tumor MRI Dataset\Training\notumor\Tr-no_889.jpg,Training/notumor/Tr-no_889.jpg,notumor,.jpg,train,7041,fa0c1c4fb6eabf57c61ae1afd2f24efd5aa69d47a6df7d468579cdee91a86c8a,206,244,RGB,0.8442622950819673,3,95625bec3a84689f,60d0ccc4f4d2f078,True,,JPEG,2,1,1,False,False
C:\Users\pedro\Desktop\Projeto do TCC\Brain Tumor MRI Dataset\Training\notumor\Tr-no_433.jpg,Training/notumor/Tr-no_433.jpg,notumor,.jpg,train,51558,fb32f456cca40bf1867369a4abcae84ff15d634bc56637a568d09449114f95ae,630,630,RGB,1.0,3,933e6a616ccb308f,69f8f8f8cccce871,True,,JPEG,2,1,1,False,False
C:\Users\pedro\Desktop\Projeto do TCC\Brain Tumor MRI Dataset\Training\notumor\Tr-no_492.jpg,Training/notumor/Tr-no_492.jpg,notumor,.jpg,train,51558,fb32f456cca40bf1867369a4abcae84ff15d634bc56637a568d09449114f95ae,630,630,RGB,1.0,3,933e6a616ccb308f,69f8f8f8cccce871,True,,JPEG,2,1,1,False,False
C:\Users\pedro\Desktop\Projeto do TCC\Brain Tumor MRI Dataset\Training\notumor\Tr-no_1051.jpg,Training/notumor/Tr-no_1051.jpg,notumor,.jpg,train,8733,fd701e8cdd7a47b2b7198334e09d7947edf3d2efdd68b73b8d47282256f9f475,225,225,RGB,1.0,3,907a6fc56d92344d,b2f8dcdcd4d4f0b2,True,,JPEG,3,1,1,False,False
C:\Users\pedro\Desktop\Projeto do TCC\Brain Tumor MRI Dataset\Training\notumor\Tr-no_1158.jpg,Training/notumor/Tr-no_1158.jpg,notumor,.jpg,train,8733,fd701e8cdd7a47b2b7198334e09d7947edf3d2efdd68b73b8d47282256f9f475,225,225,RGB,1.0,3,907a6fc56d92344d,b2f8dcdcd4d4f0b2,True,,JPEG,3,1,1,False,False
C:\Users\pedro\Desktop\Projeto do TCC\Brain Tumor MRI Dataset\Training\notumor\Tr-no_330.jpg,Training/notumor/Tr-no_330.jpg,notumor,.jpg,train,8733,fd701e8cdd7a47b2b7198334e09d7947edf3d2efdd68b73b8d47282256f9f475,225,225,RGB,1.0,3,907a6fc56d92344d,b2f8dcdcd4d4f0b2,True,,JPEG,3,1,1,False,False
C:\Users\pedro\Desktop\Projeto do TCC\Brain Tumor MRI Dataset\Training\notumor\Tr-no_1190.jpg,Training/notumor/Tr-no_1190.jpg,notumor,.jpg,train,7299,fe20d08e5475898e9b66661cddbe32d6d006438e57c36cd87be27b8dd9c0676d,225,225,RGB,1.0,3,927a6aa568c721cf,3169f8e8dcdce871,True,,JPEG,2,1,1,False,False
C:\Users\pedro\Desktop\Projeto do TCC\Brain Tumor MRI Dataset\Training\notumor\Tr-no_44.jpg,Training/notumor/Tr-no_44.jpg,notumor,.jpg,train,7299,fe20d08e5475898e9b66661cddbe32d6d006438e57c36cd87be27b8dd9c0676d,225,225,RGB,1.0,3,927a6aa568c721cf,3169f8e8dcdce871,True,,JPEG,2,1,1,False,False
