relative_path_a,relative_path_b,split_a,split_b,class_a,class_b,phash_distance,dhash_distance,cross_split,different_class
Training/glioma/Tr-gl_1057.jpg,Testing/glioma/Te-gl_311.jpg,train,test,glioma,glioma,0,0,True,False
Training/glioma/Tr-gl_1271.jpg,Testing/glioma/Te-gl_169.jpg,train,test,glioma,glioma,0,0,True,False
Training/glioma/Tr-gl_361.jpg,Testing/glioma/Te-gl_299.jpg,train,test,glioma,glioma,0,0,True,False
Training/glioma/Tr-gl_361.jpg,Testing/glioma/Te-gl_364.jpg,train,test,glioma,glioma,0,0,True,False
Training/glioma/Tr-gl_420.jpg,Testing/glioma/Te-gl_233.jpg,train,test,glioma,glioma,0,0,True,False
Training/meningioma/Tr-me_1044.jpg,Testing/meningioma/Te-me_157.jpg,train,test,meningioma,meningioma,0,0,True,False
Training/meningioma/Tr-me_1044.jpg,Testing/meningioma/Te-me_230.jpg,train,test,meningioma,meningioma,0,0,True,False
Training/meningioma/Tr-me_1057.jpg,Testing/meningioma/Te-me_270.jpg,train,test,meningioma,meningioma,0,0,True,False
Training/meningioma/Tr-me_1069.jpg,Testing/meningioma/Te-me_2.jpg,train,test,meningioma,meningioma,0,0,True,False
Training/meningioma/Tr-me_1069.jpg,Testing/meningioma/Te-me_252.jpg,train,test,meningioma,meningioma,0,0,True,False
Training/meningioma/Tr-me_1083.jpg,Testing/meningioma/Te-me_5.jpg,train,test,meningioma,meningioma,0,0,True,False
Training/meningioma/Tr-me_109.jpg,Testing/meningioma/Te-me_30.jpg,train,test,meningioma,meningioma,0,0,True,False
Training/meningioma/Tr-me_1091.jpg,Testing/meningioma/Te-me_95.jpg,train,test,meningioma,meningioma,0,0,True,False
Training/meningioma/Tr-me_110.jpg,Testing/meningioma/Te-me_111.jpg,train,test,meningioma,meningioma,2,0,True,False
Training/meningioma/Tr-me_110.jpg,Testing/meningioma/Te-me_174.jpg,train,test,meningioma,meningioma,0,0,True,False
Training/meningioma/Tr-me_1110.jpg,Testing/meningioma/Te-me_42.jpg,train,test,meningioma,meningioma,0,0,True,False
Training/meningioma/Tr-me_1112.jpg,Testing/meningioma/Te-me_165.jpg,train,test,meningioma,meningioma,0,0,True,False
Training/meningioma/Tr-me_1121.jpg,Testing/meningioma/Te-me_86.jpg,train,test,meningioma,meningioma,0,0,True,False
Training/meningioma/Tr-me_1122.jpg,Testing/meningioma/Te-me_159.jpg,train,test,meningioma,meningioma,0,0,True,False
Training/meningioma/Tr-me_1127.jpg,Testing/meningioma/Te-me_272.jpg,train,test,meningioma,meningioma,2,0,True,False
Training/meningioma/Tr-me_1146.jpg,Testing/meningioma/Te-me_241.jpg,train,test,meningioma,meningioma,0,0,True,False
Training/meningioma/Tr-me_1163.jpg,Testing/meningioma/Te-me_274.jpg,train,test,meningioma,meningioma,0,0,True,False
Training/meningioma/Tr-me_1166.jpg,Testing/meningioma/Te-me_31.jpg,train,test,meningioma,meningioma,0,0,True,False
Training/meningioma/Tr-me_1168.jpg,Testing/meningioma/Te-me_71.jpg,train,test,meningioma,meningioma,0,0,True,False
Training/meningioma/Tr-me_1194.jpg,Testing/meningioma/Te-me_158.jpg,train,test,meningioma,meningioma,0,0,True,False
Training/meningioma/Tr-me_1198.jpg,Testing/meningioma/Te-me_66.jpg,train,test,meningioma,meningioma,0,0,True,False
Training/meningioma/Tr-me_1225.jpg,Testing/meningioma/Te-me_20.jpg,train,test,meningioma,meningioma,2,0,True,False
Training/meningioma/Tr-me_1225.jpg,Testing/meningioma/Te-me_39.jpg,train,test,meningioma,meningioma,0,0,True,False
Training/meningioma/Tr-me_1249.jpg,Testing/meningioma/Te-me_266.jpg,train,test,meningioma,meningioma,0,0,True,False
Training/meningioma/Tr-me_126.jpg,Testing/meningioma/Te-me_265.jpg,train,test,meningioma,meningioma,0,0,True,False
Training/meningioma/Tr-me_1262.jpg,Testing/meningioma/Te-me_207.jpg,train,test,meningioma,meningioma,0,0,True,False
Training/meningioma/Tr-me_1282.jpg,Testing/meningioma/Te-me_125.jpg,train,test,meningioma,meningioma,0,1,True,False
Training/meningioma/Tr-me_1285.jpg,Testing/meningioma/Te-aug-me_1.jpg,train,test,meningioma,meningioma,0,6,True,False
Training/meningioma/Tr-me_1286.jpg,Testing/meningioma/Te-me_4.jpg,train,test,meningioma,meningioma,0,0,True,False
Training/meningioma/Tr-me_1289.jpg,Testing/meningioma/Te-me_285.jpg,train,test,meningioma,meningioma,0,0,True,False
Training/meningioma/Tr-me_1290.jpg,Testing/meningioma/Te-me_37.jpg,train,test,meningioma,meningioma,0,0,True,False
Training/meningioma/Tr-me_131.jpg,Testing/meningioma/Te-me_93.jpg,train,test,meningioma,meningioma,0,0,True,False
Training/meningioma/Tr-me_145.jpg,Testing/meningioma/Te-me_296.jpg,train,test,meningioma,meningioma,0,0,True,False
Training/meningioma/Tr-me_154.jpg,Testing/meningioma/Te-me_52.jpg,train,test,meningioma,meningioma,0,0,True,False
Training/meningioma/Tr-me_158.jpg,Testing/meningioma/Te-me_231.jpg,train,test,meningioma,meningioma,0,0,True,False
Training/meningioma/Tr-me_167.jpg,Testing/meningioma/Te-me_276.jpg,train,test,meningioma,meningioma,0,0,True,False
Training/meningioma/Tr-me_19.jpg,Testing/meningioma/Te-me_184.jpg,train,test,meningioma,meningioma,0,0,True,False
Training/meningioma/Tr-me_200.jpg,Testing/meningioma/Te-me_54.jpg,train,test,meningioma,meningioma,0,0,True,False
Training/meningioma/Tr-me_205.jpg,Testing/meningioma/Te-me_232.jpg,train,test,meningioma,meningioma,0,0,True,False
Training/meningioma/Tr-me_238.jpg,Testing/meningioma/Te-me_157.jpg,train,test,meningioma,meningioma,0,0,True,False
Training/meningioma/Tr-me_238.jpg,Testing/meningioma/Te-me_230.jpg,train,test,meningioma,meningioma,0,0,True,False
Training/meningioma/Tr-me_239.jpg,Testing/meningioma/Te-me_167.jpg,train,test,meningioma,meningioma,0,0,True,False
Training/meningioma/Tr-me_257.jpg,Testing/meningioma/Te-me_23.jpg,train,test,meningioma,meningioma,32,0,True,False
Training/meningioma/Tr-me_3.jpg,Testing/meningioma/Te-me_195.jpg,train,test,meningioma,meningioma,0,0,True,False
Training/meningioma/Tr-me_330.jpg,Testing/meningioma/Te-me_216.jpg,train,test,meningioma,meningioma,0,0,True,False
Training/meningioma/Tr-me_331.jpg,Testing/meningioma/Te-me_18.jpg,train,test,meningioma,meningioma,0,0,True,False
Training/meningioma/Tr-me_339.jpg,Testing/meningioma/Te-me_116.jpg,train,test,meningioma,meningioma,0,0,True,False
Training/meningioma/Tr-me_339.jpg,Testing/meningioma/Te-me_235.jpg,train,test,meningioma,meningioma,0,0,True,False
Training/meningioma/Tr-me_36.jpg,Testing/meningioma/Te-me_1.jpg,train,test,meningioma,meningioma,0,0,True,False
Training/meningioma/Tr-me_373.jpg,Testing/meningioma/Te-me_20.jpg,train,test,meningioma,meningioma,0,0,True,False
Training/meningioma/Tr-me_373.jpg,Testing/meningioma/Te-me_39.jpg,train,test,meningioma,meningioma,2,0,True,False
Training/meningioma/Tr-me_377.jpg,Testing/meningioma/Te-aug-me_83.jpg,train,test,meningioma,meningioma,0,5,True,False
Training/meningioma/Tr-me_404.jpg,Testing/meningioma/Te-me_101.jpg,train,test,meningioma,meningioma,0,0,True,False
Training/meningioma/Tr-me_421.jpg,Testing/meningioma/Te-me_202.jpg,train,test,meningioma,meningioma,0,0,True,False
Training/meningioma/Tr-me_421.jpg,Testing/meningioma/Te-me_208.jpg,train,test,meningioma,meningioma,0,0,True,False
Training/meningioma/Tr-me_424.jpg,Testing/meningioma/Te-me_49.jpg,train,test,meningioma,meningioma,0,0,True,False
Training/meningioma/Tr-me_432.jpg,Testing/meningioma/Te-me_179.jpg,train,test,meningioma,meningioma,0,0,True,False
Training/meningioma/Tr-me_432.jpg,Testing/meningioma/Te-me_198.jpg,train,test,meningioma,meningioma,0,0,True,False
Training/meningioma/Tr-me_437.jpg,Testing/meningioma/Te-me_197.jpg,train,test,meningioma,meningioma,0,0,True,False
Training/meningioma/Tr-me_450.jpg,Testing/meningioma/Te-me_251.jpg,train,test,meningioma,meningioma,0,0,True,False
Training/meningioma/Tr-me_453.jpg,Testing/meningioma/Te-me_171.jpg,train,test,meningioma,meningioma,0,0,True,False
Training/meningioma/Tr-me_458.jpg,Testing/glioma/Te-gl_68.jpg,train,test,meningioma,glioma,0,0,True,True
Training/meningioma/Tr-me_458.jpg,Testing/meningioma/Te-me_50.jpg,train,test,meningioma,meningioma,2,0,True,False
Training/meningioma/Tr-me_458.jpg,Testing/meningioma/Te-me_61.jpg,train,test,meningioma,meningioma,2,0,True,False
Training/meningioma/Tr-me_458.jpg,Testing/meningioma/Te-me_96.jpg,train,test,meningioma,meningioma,0,0,True,False
Training/meningioma/Tr-me_464.jpg,Testing/meningioma/Te-me_214.jpg,train,test,meningioma,meningioma,0,0,True,False
Training/meningioma/Tr-me_464.jpg,Testing/meningioma/Te-me_262.jpg,train,test,meningioma,meningioma,0,0,True,False
Training/meningioma/Tr-me_465.jpg,Testing/meningioma/Te-me_202.jpg,train,test,meningioma,meningioma,0,0,True,False
Training/meningioma/Tr-me_465.jpg,Testing/meningioma/Te-me_208.jpg,train,test,meningioma,meningioma,0,0,True,False
Training/meningioma/Tr-me_468.jpg,Testing/glioma/Te-gl_68.jpg,train,test,meningioma,glioma,2,0,True,True
Training/meningioma/Tr-me_468.jpg,Testing/meningioma/Te-me_50.jpg,train,test,meningioma,meningioma,0,0,True,False
Training/meningioma/Tr-me_468.jpg,Testing/meningioma/Te-me_61.jpg,train,test,meningioma,meningioma,0,0,True,False
Training/meningioma/Tr-me_468.jpg,Testing/meningioma/Te-me_96.jpg,train,test,meningioma,meningioma,2,0,True,False
Training/meningioma/Tr-me_472.jpg,Testing/meningioma/Te-me_190.jpg,train,test,meningioma,meningioma,0,0,True,False
Training/meningioma/Tr-me_479.jpg,Testing/meningioma/Te-me_278.jpg,train,test,meningioma,meningioma,0,0,True,False
Training/meningioma/Tr-me_486.jpg,Testing/meningioma/Te-me_8.jpg,train,test,meningioma,meningioma,0,0,True,False
Training/meningioma/Tr-me_489.jpg,Testing/meningioma/Te-me_213.jpg,train,test,meningioma,meningioma,0,0,True,False
Training/meningioma/Tr-me_497.jpg,Testing/meningioma/Te-me_228.jpg,train,test,meningioma,meningioma,0,0,True,False
Training/meningioma/Tr-me_50.jpg,Testing/meningioma/Te-me_277.jpg,train,test,meningioma,meningioma,0,0,True,False
Training/meningioma/Tr-me_52.jpg,Testing/meningioma/Te-me_187.jpg,train,test,meningioma,meningioma,0,0,True,False
Training/meningioma/Tr-me_530.jpg,Testing/meningioma/Te-me_105.jpg,train,test,meningioma,meningioma,0,0,True,False
Training/meningioma/Tr-me_534.jpg,Testing/meningioma/Te-me_116.jpg,train,test,meningioma,meningioma,0,0,True,False
Training/meningioma/Tr-me_534.jpg,Testing/meningioma/Te-me_235.jpg,train,test,meningioma,meningioma,0,0,True,False
Training/meningioma/Tr-me_543.jpg,Testing/meningioma/Te-me_2.jpg,train,test,meningioma,meningioma,0,0,True,False
Training/meningioma/Tr-me_543.jpg,Testing/meningioma/Te-me_252.jpg,train,test,meningioma,meningioma,0,0,True,False
Training/meningioma/Tr-me_553.jpg,Testing/meningioma/Te-me_259.jpg,train,test,meningioma,meningioma,0,0,True,False
Training/meningioma/Tr-me_557.jpg,Testing/meningioma/Te-me_138.jpg,train,test,meningioma,meningioma,0,0,True,False
Training/meningioma/Tr-me_561.jpg,Testing/meningioma/Te-me_179.jpg,train,test,meningioma,meningioma,0,0,True,False
Training/meningioma/Tr-me_561.jpg,Testing/meningioma/Te-me_198.jpg,train,test,meningioma,meningioma,0,0,True,False
Training/meningioma/Tr-me_583.jpg,Testing/meningioma/Te-me_82.jpg,train,test,meningioma,meningioma,0,0,True,False
Training/meningioma/Tr-me_586.jpg,Testing/meningioma/Te-me_152.jpg,train,test,meningioma,meningioma,0,4,True,False
Training/meningioma/Tr-me_597.jpg,Testing/meningioma/Te-me_290.jpg,train,test,meningioma,meningioma,0,0,True,False
Training/meningioma/Tr-me_616.jpg,Testing/meningioma/Te-me_180.jpg,train,test,meningioma,meningioma,0,0,True,False
Training/meningioma/Tr-me_639.jpg,Testing/meningioma/Te-me_214.jpg,train,test,meningioma,meningioma,0,0,True,False
Training/meningioma/Tr-me_639.jpg,Testing/meningioma/Te-me_262.jpg,train,test,meningioma,meningioma,0,0,True,False
Training/meningioma/Tr-me_661.jpg,Testing/meningioma/Te-me_205.jpg,train,test,meningioma,meningioma,0,0,True,False
Training/meningioma/Tr-me_666.jpg,Testing/meningioma/Te-me_137.jpg,train,test,meningioma,meningioma,0,0,True,False
Training/meningioma/Tr-me_678.jpg,Testing/meningioma/Te-me_62.jpg,train,test,meningioma,meningioma,0,0,True,False
Training/meningioma/Tr-me_684.jpg,Testing/meningioma/Te-me_29.jpg,train,test,meningioma,meningioma,0,0,True,False
Training/meningioma/Tr-me_688.jpg,Testing/meningioma/Te-me_229.jpg,train,test,meningioma,meningioma,0,0,True,False
Training/meningioma/Tr-me_688.jpg,Testing/meningioma/Te-me_293.jpg,train,test,meningioma,meningioma,0,0,True,False
Training/meningioma/Tr-me_706.jpg,Testing/meningioma/Te-me_121.jpg,train,test,meningioma,meningioma,0,0,True,False
Training/meningioma/Tr-me_714.jpg,Testing/glioma/Te-gl_68.jpg,train,test,meningioma,glioma,2,0,True,True
Training/meningioma/Tr-me_714.jpg,Testing/meningioma/Te-me_50.jpg,train,test,meningioma,meningioma,0,0,True,False
Training/meningioma/Tr-me_714.jpg,Testing/meningioma/Te-me_61.jpg,train,test,meningioma,meningioma,0,0,True,False
Training/meningioma/Tr-me_714.jpg,Testing/meningioma/Te-me_96.jpg,train,test,meningioma,meningioma,2,0,True,False
Training/meningioma/Tr-me_715.jpg,Testing/meningioma/Te-me_9.jpg,train,test,meningioma,meningioma,0,0,True,False
Training/meningioma/Tr-me_717.jpg,Testing/meningioma/Te-me_75.jpg,train,test,meningioma,meningioma,0,0,True,False
Training/meningioma/Tr-me_726.jpg,Testing/meningioma/Te-me_2.jpg,train,test,meningioma,meningioma,0,0,True,False
Training/meningioma/Tr-me_726.jpg,Testing/meningioma/Te-me_252.jpg,train,test,meningioma,meningioma,0,0,True,False
Training/meningioma/Tr-me_737.jpg,Testing/meningioma/Te-me_175.jpg,train,test,meningioma,meningioma,0,0,True,False
Training/meningioma/Tr-me_740.jpg,Testing/meningioma/Te-me_81.jpg,train,test,meningioma,meningioma,0,0,True,False
Training/meningioma/Tr-me_753.jpg,Testing/meningioma/Te-me_206.jpg,train,test,meningioma,meningioma,0,0,True,False
Training/meningioma/Tr-me_758.jpg,Testing/meningioma/Te-me_162.jpg,train,test,meningioma,meningioma,0,0,True,False
Training/meningioma/Tr-me_760.jpg,Testing/meningioma/Te-me_234.jpg,train,test,meningioma,meningioma,0,0,True,False
Training/meningioma/Tr-me_771.jpg,Testing/meningioma/Te-me_19.jpg,train,test,meningioma,meningioma,0,0,True,False
Training/meningioma/Tr-me_776.jpg,Testing/meningioma/Te-me_253.jpg,train,test,meningioma,meningioma,0,0,True,False
Training/meningioma/Tr-me_799.jpg,Testing/meningioma/Te-me_229.jpg,train,test,meningioma,meningioma,0,0,True,False
Training/meningioma/Tr-me_799.jpg,Testing/meningioma/Te-me_293.jpg,train,test,meningioma,meningioma,0,0,True,False
Training/meningioma/Tr-me_845.jpg,Testing/meningioma/Te-me_126.jpg,train,test,meningioma,meningioma,0,0,True,False
Training/meningioma/Tr-me_846.jpg,Testing/meningioma/Te-me_117.jpg,train,test,meningioma,meningioma,0,0,True,False
Training/meningioma/Tr-me_86.jpg,Testing/meningioma/Te-me_116.jpg,train,test,meningioma,meningioma,0,0,True,False
Training/meningioma/Tr-me_86.jpg,Testing/meningioma/Te-me_235.jpg,train,test,meningioma,meningioma,0,0,True,False
Training/meningioma/Tr-me_865.jpg,Testing/meningioma/Te-me_111.jpg,train,test,meningioma,meningioma,0,0,True,False
Training/meningioma/Tr-me_865.jpg,Testing/meningioma/Te-me_174.jpg,train,test,meningioma,meningioma,2,0,True,False
Training/meningioma/Tr-me_877.jpg,Testing/meningioma/Te-me_109.jpg,train,test,meningioma,meningioma,0,0,True,False
Training/meningioma/Tr-me_880.jpg,Testing/meningioma/Te-me_243.jpg,train,test,meningioma,meningioma,0,0,True,False
Training/meningioma/Tr-me_897.jpg,Testing/meningioma/Te-me_279.jpg,train,test,meningioma,meningioma,0,0,True,False
Training/meningioma/Tr-me_905.jpg,Testing/meningioma/Te-me_83.jpg,train,test,meningioma,meningioma,0,0,True,False
Training/meningioma/Tr-me_920.jpg,Testing/meningioma/Te-me_219.jpg,train,test,meningioma,meningioma,0,0,True,False
Training/meningioma/Tr-me_946.jpg,Testing/meningioma/Te-me_94.jpg,train,test,meningioma,meningioma,0,0,True,False
Training/meningioma/Tr-me_954.jpg,Testing/meningioma/Te-me_280.jpg,train,test,meningioma,meningioma,0,0,True,False
Training/meningioma/Tr-me_957.jpg,Testing/meningioma/Te-me_156.jpg,train,test,meningioma,meningioma,0,0,True,False
Training/meningioma/Tr-me_960.jpg,Testing/meningioma/Te-me_149.jpg,train,test,meningioma,meningioma,0,0,True,False
Training/meningioma/Tr-me_962.jpg,Testing/meningioma/Te-me_113.jpg,train,test,meningioma,meningioma,0,0,True,False
Training/meningioma/Tr-me_965.jpg,Testing/meningioma/Te-me_223.jpg,train,test,meningioma,meningioma,0,0,True,False
Training/meningioma/Tr-me_980.jpg,Testing/meningioma/Te-me_288.jpg,train,test,meningioma,meningioma,0,0,True,False
Training/meningioma/Tr-me_99.jpg,Testing/meningioma/Te-me_26.jpg,train,test,meningioma,meningioma,0,0,True,False
Training/notumor/Tr-no_1.jpg,Testing/notumor/Te-no_338.jpg,train,test,notumor,notumor,0,2,True,False
Training/notumor/Tr-no_10.jpg,Testing/notumor/Te-no_126.jpg,train,test,notumor,notumor,4,0,True,False
Training/notumor/Tr-no_1004.jpg,Testing/notumor/Te-no_194.jpg,train,test,notumor,notumor,0,0,True,False
Training/notumor/Tr-no_1008.jpg,Testing/notumor/Te-no_339.jpg,train,test,notumor,notumor,0,0,True,False
Training/notumor/Tr-no_1010.jpg,Testing/notumor/Te-no_244.jpg,train,test,notumor,notumor,0,0,True,False
Training/notumor/Tr-no_1010.jpg,Testing/notumor/Te-no_390.jpg,train,test,notumor,notumor,0,0,True,False
Training/notumor/Tr-no_1013.jpg,Testing/notumor/Te-no_316.jpg,train,test,notumor,notumor,0,2,True,False
Training/notumor/Tr-no_1017.jpg,Testing/notumor/Te-no_146.jpg,train,test,notumor,notumor,0,0,True,False
Training/notumor/Tr-no_1017.jpg,Testing/notumor/Te-no_83.jpg,train,test,notumor,notumor,0,0,True,False
Training/notumor/Tr-no_1022.jpg,Testing/notumor/Te-no_174.jpg,train,test,notumor,notumor,0,0,True,False
Training/notumor/Tr-no_1027.jpg,Testing/notumor/Te-no_113.jpg,train,test,notumor,notumor,32,0,True,False
Training/notumor/Tr-no_1027.jpg,Testing/notumor/Te-no_140.jpg,train,test,notumor,notumor,30,0,True,False
Training/notumor/Tr-no_1027.jpg,Testing/notumor/Te-no_189.jpg,train,test,notumor,notumor,32,0,True,False
Training/notumor/Tr-no_1027.jpg,Testing/notumor/Te-no_209.jpg,train,test,notumor,notumor,30,0,True,False
Training/notumor/Tr-no_1027.jpg,Testing/notumor/Te-no_260.jpg,train,test,notumor,notumor,32,0,True,False
Training/notumor/Tr-no_1027.jpg,Testing/notumor/Te-no_271.jpg,train,test,notumor,notumor,32,0,True,False
Training/notumor/Tr-no_1027.jpg,Testing/notumor/Te-no_275.jpg,train,test,notumor,notumor,32,0,True,False
Training/notumor/Tr-no_1027.jpg,Testing/notumor/Te-no_334.jpg,train,test,notumor,notumor,32,0,True,False
Training/notumor/Tr-no_1027.jpg,Testing/notumor/Te-no_351.jpg,train,test,notumor,notumor,2,0,True,False
Training/notumor/Tr-no_1027.jpg,Testing/notumor/Te-no_388.jpg,train,test,notumor,notumor,30,0,True,False
Training/notumor/Tr-no_1029.jpg,Testing/notumor/Te-no_125.jpg,train,test,notumor,notumor,2,0,True,False
Training/notumor/Tr-no_1029.jpg,Testing/notumor/Te-no_276.jpg,train,test,notumor,notumor,0,0,True,False
Training/notumor/Tr-no_1029.jpg,Testing/notumor/Te-no_46.jpg,train,test,notumor,notumor,0,2,True,False
Training/notumor/Tr-no_1034.jpg,Testing/notumor/Te-no_348.jpg,train,test,notumor,notumor,2,0,True,False
Training/notumor/Tr-no_1038.jpg,Testing/notumor/Te-no_371.jpg,train,test,notumor,notumor,0,0,True,False
Training/notumor/Tr-no_1039.jpg,Testing/notumor/Te-no_163.jpg,train,test,notumor,notumor,0,1,True,False
Training/notumor/Tr-no_1039.jpg,Testing/notumor/Te-no_285.jpg,train,test,notumor,notumor,0,0,True,False
Training/notumor/Tr-no_1039.jpg,Testing/notumor/Te-no_344.jpg,train,test,notumor,notumor,0,0,True,False
Training/notumor/Tr-no_1039.jpg,Testing/notumor/Te-no_372.jpg,train,test,notumor,notumor,0,1,True,False
Training/notumor/Tr-no_1039.jpg,Testing/notumor/Te-no_391.jpg,train,test,notumor,notumor,0,1,True,False
Training/notumor/Tr-no_104.jpg,Testing/notumor/Te-no_389.jpg,train,test,notumor,notumor,0,0,True,False
Training/notumor/Tr-no_1041.jpg,Testing/notumor/Te-no_225.jpg,train,test,notumor,notumor,2,0,True,False
Training/notumor/Tr-no_1049.jpg,Testing/notumor/Te-no_138.jpg,train,test,notumor,notumor,0,0,True,False
Training/notumor/Tr-no_1050.jpg,Testing/notumor/Te-no_180.jpg,train,test,notumor,notumor,2,0,True,False
Training/notumor/Tr-no_1050.jpg,Testing/notumor/Te-no_379.jpg,train,test,notumor,notumor,0,2,True,False
Training/notumor/Tr-no_1050.jpg,Testing/notumor/Te-no_72.jpg,train,test,notumor,notumor,2,0,True,False
Training/notumor/Tr-no_1050.jpg,Testing/notumor/Te-no_88.jpg,train,test,notumor,notumor,0,0,True,False
Training/notumor/Tr-no_1051.jpg,Testing/notumor/Te-no_163.jpg,train,test,notumor,notumor,0,0,True,False
Training/notumor/Tr-no_1051.jpg,Testing/notumor/Te-no_285.jpg,train,test,notumor,notumor,0,1,True,False
Training/notumor/Tr-no_1051.jpg,Testing/notumor/Te-no_344.jpg,train,test,notumor,notumor,0,1,True,False
Training/notumor/Tr-no_1051.jpg,Testing/notumor/Te-no_372.jpg,train,test,notumor,notumor,0,0,True,False
Training/notumor/Tr-no_1051.jpg,Testing/notumor/Te-no_391.jpg,train,test,notumor,notumor,0,0,True,False
Training/notumor/Tr-no_1052.jpg,Testing/notumor/Te-no_168.jpg,train,test,notumor,notumor,2,0,True,False
Training/notumor/Tr-no_1052.jpg,Testing/notumor/Te-no_211.jpg,train,test,notumor,notumor,0,0,True,False
Training/notumor/Tr-no_1052.jpg,Testing/notumor/Te-no_235.jpg,train,test,notumor,notumor,0,0,True,False
Training/notumor/Tr-no_1053.jpg,Testing/notumor/Te-no_118.jpg,train,test,notumor,notumor,32,0,True,False
Training/notumor/Tr-no_1053.jpg,Testing/notumor/Te-no_158.jpg,train,test,notumor,notumor,2,0,True,False
Training/notumor/Tr-no_1053.jpg,Testing/notumor/Te-no_171.jpg,train,test,notumor,notumor,2,0,True,False
Training/notumor/Tr-no_1053.jpg,Testing/notumor/Te-no_262.jpg,train,test,notumor,notumor,2,0,True,False
Training/notumor/Tr-no_1053.jpg,Testing/notumor/Te-no_397.jpg,train,test,notumor,notumor,2,0,True,False
Training/notumor/Tr-no_1053.jpg,Testing/notumor/Te-no_44.jpg,train,test,notumor,notumor,32,0,True,False
Training/notumor/Tr-no_1057.jpg,Testing/notumor/Te-no_301.jpg,train,test,notumor,notumor,0,1,True,False
Training/notumor/Tr-no_1057.jpg,Testing/notumor/Te-no_308.jpg,train,test,notumor,notumor,0,1,True,False
Training/notumor/Tr-no_1060.jpg,Testing/notumor/Te-no_113.jpg,train,test,notumor,notumor,32,0,True,False
Training/notumor/Tr-no_1060.jpg,Testing/notumor/Te-no_140.jpg,train,test,notumor,notumor,30,0,True,False
Training/notumor/Tr-no_1060.jpg,Testing/notumor/Te-no_189.jpg,train,test,notumor,notumor,32,0,True,False
Training/notumor/Tr-no_1060.jpg,Testing/notumor/Te-no_209.jpg,train,test,notumor,notumor,30,0,True,False
Training/notumor/Tr-no_1060.jpg,Testing/notumor/Te-no_260.jpg,train,test,notumor,notumor,34,0,True,False
Training/notumor/Tr-no_1060.jpg,Testing/notumor/Te-no_271.jpg,train,test,notumor,notumor,34,0,True,False
Training/notumor/Tr-no_1060.jpg,Testing/notumor/Te-no_275.jpg,train,test,notumor,notumor,34,0,True,False
Training/notumor/Tr-no_1060.jpg,Testing/notumor/Te-no_334.jpg,train,test,notumor,notumor,32,0,True,False
Training/notumor/Tr-no_1060.jpg,Testing/notumor/Te-no_351.jpg,train,test,notumor,notumor,0,0,True,False
Training/notumor/Tr-no_1060.jpg,Testing/notumor/Te-no_388.jpg,train,test,notumor,notumor,28,0,True,False
Training/notumor/Tr-no_1061.jpg,Testing/notumor/Te-no_324.jpg,train,test,notumor,notumor,0,0,True,False
Training/notumor/Tr-no_1062.jpg,Testing/notumor/Te-no_113.jpg,train,test,notumor,notumor,34,0,True,False
Training/notumor/Tr-no_1062.jpg,Testing/notumor/Te-no_140.jpg,train,test,notumor,notumor,2,0,True,False
Training/notumor/Tr-no_1062.jpg,Testing/notumor/Te-no_189.jpg,train,test,notumor,notumor,30,0,True,False
Training/notumor/Tr-no_1062.jpg,Testing/notumor/Te-no_209.jpg,train,test,notumor,notumor,34,0,True,False
Training/notumor/Tr-no_1062.jpg,Testing/notumor/Te-no_260.jpg,train,test,notumor,notumor,32,0,True,False
Training/notumor/Tr-no_1062.jpg,Testing/notumor/Te-no_271.jpg,train,test,notumor,notumor,32,0,True,False
Training/notumor/Tr-no_1062.jpg,Testing/notumor/Te-no_275.jpg,train,test,notumor,notumor,32,0,True,False
Training/notumor/Tr-no_1062.jpg,Testing/notumor/Te-no_334.jpg,train,test,notumor,notumor,34,0,True,False
Training/notumor/Tr-no_1062.jpg,Testing/notumor/Te-no_351.jpg,train,test,notumor,notumor,28,0,True,False
Training/notumor/Tr-no_1062.jpg,Testing/notumor/Te-no_388.jpg,train,test,notumor,notumor,0,0,True,False
Training/notumor/Tr-no_1066.jpg,Testing/notumor/Te-no_72.jpg,train,test,notumor,notumor,0,1,True,False
Training/notumor/Tr-no_1071.jpg,Testing/notumor/Te-no_113.jpg,train,test,notumor,notumor,2,0,True,False
Training/notumor/Tr-no_1071.jpg,Testing/notumor/Te-no_140.jpg,train,test,notumor,notumor,34,0,True,False
Training/notumor/Tr-no_1071.jpg,Testing/notumor/Te-no_189.jpg,train,test,notumor,notumor,30,0,True,False
Training/notumor/Tr-no_1071.jpg,Testing/notumor/Te-no_209.jpg,train,test,notumor,notumor,2,0,True,False
Training/notumor/Tr-no_1071.jpg,Testing/notumor/Te-no_260.jpg,train,test,notumor,notumor,28,0,True,False
Training/notumor/Tr-no_1071.jpg,Testing/notumor/Te-no_271.jpg,train,test,notumor,notumor,28,0,True,False
Training/notumor/Tr-no_1071.jpg,Testing/notumor/Te-no_275.jpg,train,test,notumor,notumor,28,0,True,False
Training/notumor/Tr-no_1071.jpg,Testing/notumor/Te-no_334.jpg,train,test,notumor,notumor,2,0,True,False
Training/notumor/Tr-no_1071.jpg,Testing/notumor/Te-no_351.jpg,train,test,notumor,notumor,32,0,True,False
Training/notumor/Tr-no_1071.jpg,Testing/notumor/Te-no_388.jpg,train,test,notumor,notumor,36,0,True,False
Training/notumor/Tr-no_1075.jpg,Testing/notumor/Te-no_31.jpg,train,test,notumor,notumor,2,0,True,False
Training/notumor/Tr-no_1076.jpg,Testing/notumor/Te-no_139.jpg,train,test,notumor,notumor,32,0,True,False
Training/notumor/Tr-no_1076.jpg,Testing/notumor/Te-no_296.jpg,train,test,notumor,notumor,0,0,True,False
Training/notumor/Tr-no_1076.jpg,Testing/notumor/Te-no_360.jpg,train,test,notumor,notumor,0,0,True,False
Training/notumor/Tr-no_1078.jpg,Testing/notumor/Te-no_139.jpg,train,test,notumor,notumor,2,0,True,False
Training/notumor/Tr-no_1078.jpg,Testing/notumor/Te-no_296.jpg,train,test,notumor,notumor,30,0,True,False
Training/notumor/Tr-no_1078.jpg,Testing/notumor/Te-no_360.jpg,train,test,notumor,notumor,30,0,True,False
Training/notumor/Tr-no_108.jpg,Testing/notumor/Te-no_394.jpg,train,test,notumor,notumor,0,0,True,False
Training/notumor/Tr-no_108.jpg,Testing/notumor/Te-no_7.jpg,train,test,notumor,notumor,0,0,True,False
Training/notumor/Tr-no_1081.jpg,Testing/notumor/Te-no_201.jpg,train,test,notumor,notumor,2,0,True,False
Training/notumor/Tr-no_1081.jpg,Testing/notumor/Te-no_36.jpg,train,test,notumor,notumor,2,0,True,False
Training/notumor/Tr-no_1082.jpg,Testing/notumor/Te-no_324.jpg,train,test,notumor,notumor,0,0,True,False
Training/notumor/Tr-no_1083.jpg,Testing/notumor/Te-no_322.jpg,train,test,notumor,notumor,0,2,True,False
Training/notumor/Tr-no_1084.jpg,Testing/notumor/Te-no_198.jpg,train,test,notumor,notumor,0,1,True,False
Training/notumor/Tr-no_1084.jpg,Testing/notumor/Te-no_25.jpg,train,test,notumor,notumor,0,1,True,False
Training/notumor/Tr-no_1084.jpg,Testing/notumor/Te-no_336.jpg,train,test,notumor,notumor,0,0,True,False
Training/notumor/Tr-no_1084.jpg,Testing/notumor/Te-no_85.jpg,train,test,notumor,notumor,0,1,True,False
Training/notumor/Tr-no_1084.jpg,Testing/notumor/Te-no_90.jpg,train,test,notumor,notumor,0,1,True,False
Training/notumor/Tr-no_1086.jpg,Testing/notumor/Te-no_163.jpg,train,test,notumor,notumor,0,0,True,False
Training/notumor/Tr-no_1086.jpg,Testing/notumor/Te-no_285.jpg,train,test,notumor,notumor,0,1,True,False
Training/notumor/Tr-no_1086.jpg,Testing/notumor/Te-no_344.jpg,train,test,notumor,notumor,0,1,True,False
Training/notumor/Tr-no_1086.jpg,Testing/notumor/Te-no_372.jpg,train,test,notumor,notumor,0,0,True,False
Training/notumor/Tr-no_1086.jpg,Testing/notumor/Te-no_391.jpg,train,test,notumor,notumor,0,0,True,False
Training/notumor/Tr-no_1087.jpg,Testing/notumor/Te-no_135.jpg,train,test,notumor,notumor,0,7,True,False
Training/notumor/Tr-no_109.jpg,Testing/notumor/Te-no_113.jpg,train,test,notumor,notumor,34,0,True,False
Training/notumor/Tr-no_109.jpg,Testing/notumor/Te-no_140.jpg,train,test,notumor,notumor,2,0,True,False
Training/notumor/Tr-no_109.jpg,Testing/notumor/Te-no_189.jpg,train,test,notumor,notumor,30,0,True,False
Training/notumor/Tr-no_109.jpg,Testing/notumor/Te-no_209.jpg,train,test,notumor,notumor,34,0,True,False
Training/notumor/Tr-no_109.jpg,Testing/notumor/Te-no_260.jpg,train,test,notumor,notumor,32,0,True,False
Training/notumor/Tr-no_109.jpg,Testing/notumor/Te-no_271.jpg,train,test,notumor,notumor,32,0,True,False
Training/notumor/Tr-no_109.jpg,Testing/notumor/Te-no_275.jpg,train,test,notumor,notumor,32,0,True,False
Training/notumor/Tr-no_109.jpg,Testing/notumor/Te-no_334.jpg,train,test,notumor,notumor,34,0,True,False
Training/notumor/Tr-no_109.jpg,Testing/notumor/Te-no_351.jpg,train,test,notumor,notumor,28,0,True,False
Training/notumor/Tr-no_109.jpg,Testing/notumor/Te-no_388.jpg,train,test,notumor,notumor,0,0,True,False
Training/notumor/Tr-no_1091.jpg,Testing/notumor/Te-no_163.jpg,train,test,notumor,notumor,0,1,True,False
Training/notumor/Tr-no_1091.jpg,Testing/notumor/Te-no_285.jpg,train,test,notumor,notumor,0,0,True,False
Training/notumor/Tr-no_1091.jpg,Testing/notumor/Te-no_344.jpg,train,test,notumor,notumor,0,0,True,False
Training/notumor/Tr-no_1091.jpg,Testing/notumor/Te-no_372.jpg,train,test,notumor,notumor,0,1,True,False
Training/notumor/Tr-no_1091.jpg,Testing/notumor/Te-no_391.jpg,train,test,notumor,notumor,0,1,True,False
Training/notumor/Tr-no_1094.jpg,Testing/notumor/Te-no_18.jpg,train,test,notumor,notumor,2,0,True,False
Training/notumor/Tr-no_1096.jpg,Testing/notumor/Te-no_77.jpg,train,test,notumor,notumor,0,0,True,False
Training/notumor/Tr-no_1098.jpg,Testing/notumor/Te-no_234.jpg,train,test,notumor,notumor,0,2,True,False
Training/notumor/Tr-no_11.jpg,Testing/notumor/Te-no_24.jpg,train,test,notumor,notumor,0,2,True,False
Training/notumor/Tr-no_11.jpg,Testing/notumor/Te-no_396.jpg,train,test,notumor,notumor,0,2,True,False
Training/notumor/Tr-no_1102.jpg,Testing/notumor/Te-no_113.jpg,train,test,notumor,notumor,32,0,True,False
Training/notumor/Tr-no_1102.jpg,Testing/notumor/Te-no_140.jpg,train,test,notumor,notumor,30,0,True,False
Training/notumor/Tr-no_1102.jpg,Testing/notumor/Te-no_189.jpg,train,test,notumor,notumor,32,0,True,False
Training/notumor/Tr-no_1102.jpg,Testing/notumor/Te-no_209.jpg,train,test,notumor,notumor,30,0,True,False
Training/notumor/Tr-no_1102.jpg,Testing/notumor/Te-no_260.jpg,train,test,notumor,notumor,34,0,True,False
Training/notumor/Tr-no_1102.jpg,Testing/notumor/Te-no_271.jpg,train,test,notumor,notumor,34,0,True,False
Training/notumor/Tr-no_1102.jpg,Testing/notumor/Te-no_275.jpg,train,test,notumor,notumor,34,0,True,False
Training/notumor/Tr-no_1102.jpg,Testing/notumor/Te-no_334.jpg,train,test,notumor,notumor,32,0,True,False
Training/notumor/Tr-no_1102.jpg,Testing/notumor/Te-no_351.jpg,train,test,notumor,notumor,0,0,True,False
Training/notumor/Tr-no_1102.jpg,Testing/notumor/Te-no_388.jpg,train,test,notumor,notumor,28,0,True,False
Training/notumor/Tr-no_1103.jpg,Testing/notumor/Te-no_114.jpg,train,test,notumor,notumor,0,0,True,False
Training/notumor/Tr-no_1108.jpg,Testing/notumor/Te-no_145.jpg,train,test,notumor,notumor,0,0,True,False
Training/notumor/Tr-no_1112.jpg,Testing/notumor/Te-no_120.jpg,train,test,notumor,notumor,2,0,True,False
Training/notumor/Tr-no_1112.jpg,Testing/notumor/Te-no_399.jpg,train,test,notumor,notumor,4,0,True,False
Training/notumor/Tr-no_1113.jpg,Testing/notumor/Te-no_120.jpg,train,test,notumor,notumor,2,0,True,False
Training/notumor/Tr-no_1113.jpg,Testing/notumor/Te-no_399.jpg,train,test,notumor,notumor,2,0,True,False
Training/notumor/Tr-no_1116.jpg,Testing/notumor/Te-no_240.jpg,train,test,notumor,notumor,0,0,True,False
Training/notumor/Tr-no_1117.jpg,Testing/notumor/Te-no_82.jpg,train,test,notumor,notumor,0,0,True,False
Training/notumor/Tr-no_1120.jpg,Testing/notumor/Te-no_172.jpg,train,test,notumor,notumor,2,0,True,False
Training/notumor/Tr-no_1123.jpg,Testing/notumor/Te-no_300.jpg,train,test,notumor,notumor,2,0,True,False
Training/notumor/Tr-no_1123.jpg,Testing/notumor/Te-no_99.jpg,train,test,notumor,notumor,0,0,True,False
Training/notumor/Tr-no_1124.jpg,Testing/notumor/Te-no_113.jpg,train,test,notumor,notumor,2,0,True,False
Training/notumor/Tr-no_1124.jpg,Testing/notumor/Te-no_140.jpg,train,test,notumor,notumor,34,0,True,False
Training/notumor/Tr-no_1124.jpg,Testing/notumor/Te-no_189.jpg,train,test,notumor,notumor,28,0,True,False
Training/notumor/Tr-no_1124.jpg,Testing/notumor/Te-no_209.jpg,train,test,notumor,notumor,0,0,True,False
Training/notumor/Tr-no_1124.jpg,Testing/notumor/Te-no_260.jpg,train,test,notumor,notumor,30,0,True,False
Training/notumor/Tr-no_1124.jpg,Testing/notumor/Te-no_271.jpg,train,test,notumor,notumor,30,0,True,False
Training/notumor/Tr-no_1124.jpg,Testing/notumor/Te-no_275.jpg,train,test,notumor,notumor,30,0,True,False
Training/notumor/Tr-no_1124.jpg,Testing/notumor/Te-no_334.jpg,train,test,notumor,notumor,2,0,True,False
Training/notumor/Tr-no_1124.jpg,Testing/notumor/Te-no_351.jpg,train,test,notumor,notumor,30,0,True,False
Training/notumor/Tr-no_1124.jpg,Testing/notumor/Te-no_388.jpg,train,test,notumor,notumor,34,0,True,False
Training/notumor/Tr-no_1126.jpg,Testing/notumor/Te-no_14.jpg,train,test,notumor,notumor,2,0,True,False
Training/notumor/Tr-no_1126.jpg,Testing/notumor/Te-no_222.jpg,train,test,notumor,notumor,0,0,True,False
Training/notumor/Tr-no_1127.jpg,Testing/notumor/Te-no_284.jpg,train,test,notumor,notumor,0,0,True,False
Training/notumor/Tr-no_1128.jpg,Testing/notumor/Te-no_229.jpg,train,test,notumor,notumor,0,0,True,False
Training/notumor/Tr-no_1130.jpg,Testing/notumor/Te-no_96.jpg,train,test,notumor,notumor,2,0,True,False
Training/notumor/Tr-no_1133.jpg,Testing/notumor/Te-no_277.jpg,train,test,notumor,notumor,0,0,True,False
Training/notumor/Tr-no_1134.jpg,Testing/notumor/Te-no_324.jpg,train,test,notumor,notumor,0,0,True,False
Training/notumor/Tr-no_1136.jpg,Testing/notumor/Te-no_110.jpg,train,test,notumor,notumor,0,0,True,False
Training/notumor/Tr-no_1136.jpg,Testing/notumor/Te-no_342.jpg,train,test,notumor,notumor,0,0,True,False
Training/notumor/Tr-no_1138.jpg,Testing/notumor/Te-no_113.jpg,train,test,notumor,notumor,0,0,True,False
Training/notumor/Tr-no_1138.jpg,Testing/notumor/Te-no_140.jpg,train,test,notumor,notumor,34,0,True,False
Training/notumor/Tr-no_1138.jpg,Testing/notumor/Te-no_189.jpg,train,test,notumor,notumor,30,0,True,False
Training/notumor/Tr-no_1138.jpg,Testing/notumor/Te-no_209.jpg,train,test,notumor,notumor,2,0,True,False
Training/notumor/Tr-no_1138.jpg,Testing/notumor/Te-no_260.jpg,train,test,notumor,notumor,30,0,True,False
Training/notumor/Tr-no_1138.jpg,Testing/notumor/Te-no_271.jpg,train,test,notumor,notumor,30,0,True,False
Training/notumor/Tr-no_1138.jpg,Testing/notumor/Te-no_275.jpg,train,test,notumor,notumor,30,0,True,False
Training/notumor/Tr-no_1138.jpg,Testing/notumor/Te-no_334.jpg,train,test,notumor,notumor,0,0,True,False
Training/notumor/Tr-no_1138.jpg,Testing/notumor/Te-no_351.jpg,train,test,notumor,notumor,32,0,True,False
Training/notumor/Tr-no_1138.jpg,Testing/notumor/Te-no_388.jpg,train,test,notumor,notumor,34,0,True,False
Training/notumor/Tr-no_114.jpg,Testing/notumor/Te-no_311.jpg,train,test,notumor,notumor,0,0,True,False
Training/notumor/Tr-no_1142.jpg,Testing/notumor/Te-no_8.jpg,train,test,notumor,notumor,2,0,True,False
Training/notumor/Tr-no_1144.jpg,Testing/notumor/Te-no_223.jpg,train,test,notumor,notumor,0,0,True,False
Training/notumor/Tr-no_1144.jpg,Testing/notumor/Te-no_59.jpg,train,test,notumor,notumor,0,0,True,False
Training/notumor/Tr-no_1146.jpg,Testing/notumor/Te-no_371.jpg,train,test,notumor,notumor,0,0,True,False
Training/notumor/Tr-no_1147.jpg,Testing/notumor/Te-no_332.jpg,train,test,notumor,notumor,8,0,True,False
Training/notumor/Tr-no_1150.jpg,Testing/notumor/Te-no_145.jpg,train,test,notumor,notumor,0,0,True,False
Training/notumor/Tr-no_1151.jpg,Testing/notumor/Te-no_33.jpg,train,test,notumor,notumor,2,0,True,False
Training/notumor/Tr-no_1153.jpg,Testing/notumor/Te-no_144.jpg,train,test,notumor,notumor,0,0,True,False
Training/notumor/Tr-no_1157.jpg,Testing/notumor/Te-no_257.jpg,train,test,notumor,notumor,0,0,True,False
Training/notumor/Tr-no_1158.jpg,Testing/notumor/Te-no_163.jpg,train,test,notumor,notumor,0,0,True,False
Training/notumor/Tr-no_1158.jpg,Testing/notumor/Te-no_285.jpg,train,test,notumor,notumor,0,1,True,False
Training/notumor/Tr-no_1158.jpg,Testing/notumor/Te-no_344.jpg,train,test,notumor,notumor,0,1,True,False
Training/notumor/Tr-no_1158.jpg,Testing/notumor/Te-no_372.jpg,train,test,notumor,notumor,0,0,True,False
Training/notumor/Tr-no_1158.jpg,Testing/notumor/Te-no_391.jpg,train,test,notumor,notumor,0,0,True,False
Training/notumor/Tr-no_1161.jpg,Testing/notumor/Te-no_118.jpg,train,test,notumor,notumor,4,0,True,False
Training/notumor/Tr-no_1161.jpg,Testing/notumor/Te-no_158.jpg,train,test,notumor,notumor,30,0,True,False
Training/notumor/Tr-no_1161.jpg,Testing/notumor/Te-no_171.jpg,train,test,notumor,notumor,30,0,True,False
Training/notumor/Tr-no_1161.jpg,Testing/notumor/Te-no_262.jpg,train,test,notumor,notumor,32,0,True,False
Training/notumor/Tr-no_1161.jpg,Testing/notumor/Te-no_397.jpg,train,test,notumor,notumor,30,0,True,False
Training/notumor/Tr-no_1161.jpg,Testing/notumor/Te-no_44.jpg,train,test,notumor,notumor,4,0,True,False
Training/notumor/Tr-no_1165.jpg,Testing/notumor/Te-no_47.jpg,train,test,notumor,notumor,0,0,True,False
Training/notumor/Tr-no_1166.jpg,Testing/notumor/Te-no_52.jpg,train,test,notumor,notumor,2,0,True,False
Training/notumor/Tr-no_1167.jpg,Testing/notumor/Te-no_142.jpg,train,test,notumor,notumor,0,0,True,False
Training/notumor/Tr-no_1167.jpg,Testing/notumor/Te-no_173.jpg,train,test,notumor,notumor,0,0,True,False
Training/notumor/Tr-no_1168.jpg,Testing/notumor/Te-no_316.jpg,train,test,notumor,notumor,0,1,True,False
Training/notumor/Tr-no_117.jpg,Testing/notumor/Te-no_228.jpg,train,test,notumor,notumor,0,0,True,False
Training/notumor/Tr-no_1170.jpg,Testing/notumor/Te-no_61.jpg,train,test,notumor,notumor,0,0,True,False
Training/notumor/Tr-no_1174.jpg,Testing/notumor/Te-no_186.jpg,train,test,notumor,notumor,2,0,True,False
Training/notumor/Tr-no_1182.jpg,Testing/notumor/Te-no_107.jpg,train,test,notumor,notumor,6,0,True,False
Training/notumor/Tr-no_1183.jpg,Testing/notumor/Te-no_113.jpg,train,test,notumor,notumor,34,0,True,False
Training/notumor/Tr-no_1183.jpg,Testing/notumor/Te-no_140.jpg,train,test,notumor,notumor,2,0,True,False
Training/notumor/Tr-no_1183.jpg,Testing/notumor/Te-no_189.jpg,train,test,notumor,notumor,30,0,True,False
Training/notumor/Tr-no_1183.jpg,Testing/notumor/Te-no_209.jpg,train,test,notumor,notumor,34,0,True,False
Training/notumor/Tr-no_1183.jpg,Testing/notumor/Te-no_260.jpg,train,test,notumor,notumor,32,0,True,False
Training/notumor/Tr-no_1183.jpg,Testing/notumor/Te-no_271.jpg,train,test,notumor,notumor,32,0,True,False
Training/notumor/Tr-no_1183.jpg,Testing/notumor/Te-no_275.jpg,train,test,notumor,notumor,32,0,True,False
Training/notumor/Tr-no_1183.jpg,Testing/notumor/Te-no_334.jpg,train,test,notumor,notumor,34,0,True,False
Training/notumor/Tr-no_1183.jpg,Testing/notumor/Te-no_351.jpg,train,test,notumor,notumor,28,0,True,False
Training/notumor/Tr-no_1183.jpg,Testing/notumor/Te-no_388.jpg,train,test,notumor,notumor,0,0,True,False
Training/notumor/Tr-no_1185.jpg,Testing/notumor/Te-no_291.jpg,train,test,notumor,notumor,0,1,True,False
Training/notumor/Tr-no_119.jpg,Testing/notumor/Te-no_253.jpg,train,test,notumor,notumor,0,0,True,False
Training/notumor/Tr-no_1195.jpg,Testing/notumor/Te-no_129.jpg,train,test,notumor,notumor,0,0,True,False
Training/notumor/Tr-no_1195.jpg,Testing/notumor/Te-no_131.jpg,train,test,notumor,notumor,0,0,True,False
Training/notumor/Tr-no_1195.jpg,Testing/notumor/Te-no_147.jpg,train,test,notumor,notumor,0,0,True,False
Training/notumor/Tr-no_1195.jpg,Testing/notumor/Te-no_395.jpg,train,test,notumor,notumor,0,0,True,False
Training/notumor/Tr-no_1196.jpg,Testing/notumor/Te-no_378.jpg,train,test,notumor,notumor,0,0,True,False
Training/notumor/Tr-no_1196.jpg,Testing/notumor/Te-no_98.jpg,train,test,notumor,notumor,0,0,True,False
Training/notumor/Tr-no_1202.jpg,Testing/notumor/Te-no_139.jpg,train,test,notumor,notumor,0,0,True,False
Training/notumor/Tr-no_1202.jpg,Testing/notumor/Te-no_296.jpg,train,test,notumor,notumor,32,0,True,False
Training/notumor/Tr-no_1202.jpg,Testing/notumor/Te-no_360.jpg,train,test,notumor,notumor,32,0,True,False
Training/notumor/Tr-no_1203.jpg,Testing/notumor/Te-no_134.jpg,train,test,notumor,notumor,0,0,True,False
Training/notumor/Tr-no_1203.jpg,Testing/notumor/Te-no_58.jpg,train,test,notumor,notumor,0,0,True,False
Training/notumor/Tr-no_1204.jpg,Testing/notumor/Te-no_148.jpg,train,test,notumor,notumor,0,0,True,False
Training/notumor/Tr-no_122.jpg,Testing/notumor/Te-no_48.jpg,train,test,notumor,notumor,0,1,True,False
Training/notumor/Tr-no_122.jpg,Testing/notumor/Te-no_69.jpg,train,test,notumor,notumor,0,0,True,False
Training/notumor/Tr-no_1220.jpg,Testing/notumor/Te-no_61.jpg,train,test,notumor,notumor,0,1,True,False
Training/notumor/Tr-no_1222.jpg,Testing/notumor/Te-no_163.jpg,train,test,notumor,notumor,2,0,True,False
Training/notumor/Tr-no_1222.jpg,Testing/notumor/Te-no_372.jpg,train,test,notumor,notumor,2,0,True,False
Training/notumor/Tr-no_1222.jpg,Testing/notumor/Te-no_391.jpg,train,test,notumor,notumor,2,0,True,False
Training/notumor/Tr-no_1224.jpg,Testing/notumor/Te-no_162.jpg,train,test,notumor,notumor,0,1,True,False
Training/notumor/Tr-no_1225.jpg,Testing/notumor/Te-no_268.jpg,train,test,notumor,notumor,2,0,True,False
Training/notumor/Tr-no_1229.jpg,Testing/notumor/Te-no_112.jpg,train,test,notumor,notumor,0,0,True,False
Training/notumor/Tr-no_1229.jpg,Testing/notumor/Te-no_123.jpg,train,test,notumor,notumor,0,0,True,False
Training/notumor/Tr-no_1230.jpg,Testing/notumor/Te-no_243.jpg,train,test,notumor,notumor,2,0,True,False
Training/notumor/Tr-no_1232.jpg,Testing/notumor/Te-no_129.jpg,train,test,notumor,notumor,0,0,True,False
Training/notumor/Tr-no_1232.jpg,Testing/notumor/Te-no_131.jpg,train,test,notumor,notumor,0,0,True,False
Training/notumor/Tr-no_1232.jpg,Testing/notumor/Te-no_147.jpg,train,test,notumor,notumor,0,0,True,False
Training/notumor/Tr-no_1232.jpg,Testing/notumor/Te-no_395.jpg,train,test,notumor,notumor,0,0,True,False
Training/notumor/Tr-no_1233.jpg,Testing/notumor/Te-no_348.jpg,train,test,notumor,notumor,0,0,True,False
Training/notumor/Tr-no_1236.jpg,Testing/notumor/Te-no_208.jpg,train,test,notumor,notumor,0,0,True,False
Training/notumor/Tr-no_1241.jpg,Testing/notumor/Te-no_139.jpg,train,test,notumor,notumor,32,0,True,False
Training/notumor/Tr-no_1241.jpg,Testing/notumor/Te-no_296.jpg,train,test,notumor,notumor,4,0,True,False
Training/notumor/Tr-no_1241.jpg,Testing/notumor/Te-no_360.jpg,train,test,notumor,notumor,4,0,True,False
Training/notumor/Tr-no_1244.jpg,Testing/notumor/Te-no_61.jpg,train,test,notumor,notumor,0,0,True,False
Training/notumor/Tr-no_1246.jpg,Testing/notumor/Te-no_55.jpg,train,test,notumor,notumor,0,0,True,False
Training/notumor/Tr-no_1249.jpg,Testing/notumor/Te-no_106.jpg,train,test,notumor,notumor,2,0,True,False
Training/notumor/Tr-no_1250.jpg,Testing/notumor/Te-no_330.jpg,train,test,notumor,notumor,0,1,True,False
Training/notumor/Tr-no_1252.jpg,Testing/notumor/Te-no_113.jpg,train,test,notumor,notumor,34,0,True,False
Training/notumor/Tr-no_1252.jpg,Testing/notumor/Te-no_140.jpg,train,test,notumor,notumor,0,0,True,False
Training/notumor/Tr-no_1252.jpg,Testing/notumor/Te-no_189.jpg,train,test,notumor,notumor,32,0,True,False
Training/notumor/Tr-no_1252.jpg,Testing/notumor/Te-no_209.jpg,train,test,notumor,notumor,34,0,True,False
Training/notumor/Tr-no_1252.jpg,Testing/notumor/Te-no_260.jpg,train,test,notumor,notumor,32,0,True,False
Training/notumor/Tr-no_1252.jpg,Testing/notumor/Te-no_271.jpg,train,test,notumor,notumor,32,0,True,False
Training/notumor/Tr-no_1252.jpg,Testing/notumor/Te-no_275.jpg,train,test,notumor,notumor,32,0,True,False
Training/notumor/Tr-no_1252.jpg,Testing/notumor/Te-no_334.jpg,train,test,notumor,notumor,34,0,True,False
Training/notumor/Tr-no_1252.jpg,Testing/notumor/Te-no_351.jpg,train,test,notumor,notumor,30,0,True,False
Training/notumor/Tr-no_1252.jpg,Testing/notumor/Te-no_388.jpg,train,test,notumor,notumor,2,0,True,False
Training/notumor/Tr-no_1256.jpg,Testing/notumor/Te-no_276.jpg,train,test,notumor,notumor,0,2,True,False
Training/notumor/Tr-no_1256.jpg,Testing/notumor/Te-no_46.jpg,train,test,notumor,notumor,0,0,True,False
Training/notumor/Tr-no_1257.jpg,Testing/notumor/Te-no_113.jpg,train,test,notumor,notumor,34,0,True,False
Training/notumor/Tr-no_1257.jpg,Testing/notumor/Te-no_140.jpg,train,test,notumor,notumor,2,0,True,False
Training/notumor/Tr-no_1257.jpg,Testing/notumor/Te-no_189.jpg,train,test,notumor,notumor,32,0,True,False
Training/notumor/Tr-no_1257.jpg,Testing/notumor/Te-no_209.jpg,train,test,notumor,notumor,36,0,True,False
Training/notumor/Tr-no_1257.jpg,Testing/notumor/Te-no_260.jpg,train,test,notumor,notumor,30,0,True,False
Training/notumor/Tr-no_1257.jpg,Testing/notumor/Te-no_271.jpg,train,test,notumor,notumor,30,0,True,False
Training/notumor/Tr-no_1257.jpg,Testing/notumor/Te-no_275.jpg,train,test,notumor,notumor,30,0,True,False
Training/notumor/Tr-no_1257.jpg,Testing/notumor/Te-no_334.jpg,train,test,notumor,notumor,34,0,True,False
Training/notumor/Tr-no_1257.jpg,Testing/notumor/Te-no_351.jpg,train,test,notumor,notumor,30,0,True,False
Training/notumor/Tr-no_1257.jpg,Testing/notumor/Te-no_388.jpg,train,test,notumor,notumor,2,0,True,False
Training/notumor/Tr-no_1259.jpg,Testing/notumor/Te-no_201.jpg,train,test,notumor,notumor,0,0,True,False
Training/notumor/Tr-no_1259.jpg,Testing/notumor/Te-no_36.jpg,train,test,notumor,notumor,2,0,True,False
Training/notumor/Tr-no_1263.jpg,Testing/notumor/Te-no_188.jpg,train,test,notumor,notumor,4,0,True,False
Training/notumor/Tr-no_1268.jpg,Testing/notumor/Te-no_237.jpg,train,test,notumor,notumor,0,1,True,False
Training/notumor/Tr-no_127.jpg,Testing/notumor/Te-no_119.jpg,train,test,notumor,notumor,2,0,True,False
Training/notumor/Tr-no_127.jpg,Testing/notumor/Te-no_206.jpg,train,test,notumor,notumor,2,0,True,False
Training/notumor/Tr-no_1272.jpg,Testing/notumor/Te-no_277.jpg,train,test,notumor,notumor,2,0,True,False
Training/notumor/Tr-no_1276.jpg,Testing/notumor/Te-no_102.jpg,train,test,notumor,notumor,0,0,True,False
Training/notumor/Tr-no_1276.jpg,Testing/notumor/Te-no_12.jpg,train,test,notumor,notumor,0,1,True,False
Training/notumor/Tr-no_1277.jpg,Testing/notumor/Te-no_8.jpg,train,test,notumor,notumor,0,0,True,False
Training/notumor/Tr-no_1280.jpg,Testing/notumor/Te-no_269.jpg,train,test,notumor,notumor,0,0,True,False
Training/notumor/Tr-no_1280.jpg,Testing/notumor/Te-no_53.jpg,train,test,notumor,notumor,0,0,True,False
Training/notumor/Tr-no_1281.jpg,Testing/notumor/Te-no_332.jpg,train,test,notumor,notumor,0,0,True,False
Training/notumor/Tr-no_1282.jpg,Testing/notumor/Te-no_243.jpg,train,test,notumor,notumor,2,0,True,False
Training/notumor/Tr-no_1284.jpg,Testing/notumor/Te-no_28.jpg,train,test,notumor,notumor,2,0,True,False
Training/notumor/Tr-no_1294.jpg,Testing/notumor/Te-no_282.jpg,train,test,notumor,notumor,2,0,True,False
Training/notumor/Tr-no_1294.jpg,Testing/notumor/Te-no_326.jpg,train,test,notumor,notumor,0,0,True,False
Training/notumor/Tr-no_1294.jpg,Testing/notumor/Te-no_57.jpg,train,test,notumor,notumor,0,0,True,False
Training/notumor/Tr-no_1296.jpg,Testing/notumor/Te-no_298.jpg,train,test,notumor,notumor,0,1,True,False
Training/notumor/Tr-no_1296.jpg,Testing/notumor/Te-no_319.jpg,train,test,notumor,notumor,2,0,True,False
Training/notumor/Tr-no_1297.jpg,Testing/notumor/Te-no_180.jpg,train,test,notumor,notumor,0,1,True,False
Training/notumor/Tr-no_1299.jpg,Testing/notumor/Te-no_118.jpg,train,test,notumor,notumor,0,0,True,False
Training/notumor/Tr-no_1299.jpg,Testing/notumor/Te-no_158.jpg,train,test,notumor,notumor,30,0,True,False
Training/notumor/Tr-no_1299.jpg,Testing/notumor/Te-no_171.jpg,train,test,notumor,notumor,30,0,True,False
Training/notumor/Tr-no_1299.jpg,Testing/notumor/Te-no_262.jpg,train,test,notumor,notumor,34,0,True,False
Training/notumor/Tr-no_1299.jpg,Testing/notumor/Te-no_397.jpg,train,test,notumor,notumor,30,0,True,False
Training/notumor/Tr-no_1299.jpg,Testing/notumor/Te-no_44.jpg,train,test,notumor,notumor,0,0,True,False
Training/notumor/Tr-no_130.jpg,Testing/notumor/Te-no_56.jpg,train,test,notumor,notumor,0,0,True,False
Training/notumor/Tr-no_1301.jpg,Testing/notumor/Te-no_321.jpg,train,test,notumor,notumor,0,2,True,False
Training/notumor/Tr-no_1302.jpg,Testing/notumor/Te-no_86.jpg,train,test,notumor,notumor,0,0,True,False
Training/notumor/Tr-no_1304.jpg,Testing/notumor/Te-no_322.jpg,train,test,notumor,notumor,0,1,True,False
Training/notumor/Tr-no_1310.jpg,Testing/notumor/Te-no_96.jpg,train,test,notumor,notumor,2,0,True,False
Training/notumor/Tr-no_1313.jpg,Testing/notumor/Te-no_157.jpg,train,test,notumor,notumor,2,0,True,False
Training/notumor/Tr-no_1313.jpg,Testing/notumor/Te-no_75.jpg,train,test,notumor,notumor,0,0,True,False
Training/notumor/Tr-no_1314.jpg,Testing/notumor/Te-no_316.jpg,train,test,notumor,notumor,0,0,True,False
Training/notumor/Tr-no_1315.jpg,Testing/notumor/Te-no_125.jpg,train,test,notumor,notumor,0,0,True,False
Training/notumor/Tr-no_1315.jpg,Testing/notumor/Te-no_276.jpg,train,test,notumor,notumor,2,0,True,False
Training/notumor/Tr-no_1315.jpg,Testing/notumor/Te-no_33.jpg,train,test,notumor,notumor,0,1,True,False
Training/notumor/Tr-no_1316.jpg,Testing/notumor/Te-no_295.jpg,train,test,notumor,notumor,0,0,True,False
Training/notumor/Tr-no_1319.jpg,Testing/notumor/Te-no_92.jpg,train,test,notumor,notumor,0,0,True,False
Training/notumor/Tr-no_1325.jpg,Testing/notumor/Te-no_375.jpg,train,test,notumor,notumor,0,2,True,False
Training/notumor/Tr-no_1328.jpg,Testing/notumor/Te-no_263.jpg,train,test,notumor,notumor,2,0,True,False
Training/notumor/Tr-no_1328.jpg,Testing/notumor/Te-no_294.jpg,train,test,notumor,notumor,0,0,True,False
Training/notumor/Tr-no_1328.jpg,Testing/notumor/Te-no_318.jpg,train,test,notumor,notumor,2,0,True,False
Training/notumor/Tr-no_1330.jpg,Testing/notumor/Te-no_31.jpg,train,test,notumor,notumor,0,0,True,False
Training/notumor/Tr-no_1337.jpg,Testing/notumor/Te-no_156.jpg,train,test,notumor,notumor,0,2,True,False
Training/notumor/Tr-no_1338.jpg,Testing/notumor/Te-no_161.jpg,train,test,notumor,notumor,0,0,True,False
Training/notumor/Tr-no_1338.jpg,Testing/notumor/Te-no_329.jpg,train,test,notumor,notumor,0,0,True,False
Training/notumor/Tr-no_1338.jpg,Testing/notumor/Te-no_71.jpg,train,test,notumor,notumor,0,1,True,False
Training/notumor/Tr-no_1341.jpg,Testing/notumor/Te-no_162.jpg,train,test,notumor,notumor,0,0,True,False
Training/notumor/Tr-no_1346.jpg,Testing/notumor/Te-no_281.jpg,train,test,notumor,notumor,2,0,True,False
Training/notumor/Tr-no_1347.jpg,Testing/notumor/Te-no_281.jpg,train,test,notumor,notumor,0,0,True,False
Training/notumor/Tr-no_1350.jpg,Testing/notumor/Te-no_288.jpg,train,test,notumor,notumor,0,0,True,False
Training/notumor/Tr-no_1355.jpg,Testing/notumor/Te-no_161.jpg,train,test,notumor,notumor,0,0,True,False
Training/notumor/Tr-no_1355.jpg,Testing/notumor/Te-no_329.jpg,train,test,notumor,notumor,0,0,True,False
Training/notumor/Tr-no_1355.jpg,Testing/notumor/Te-no_71.jpg,train,test,notumor,notumor,0,1,True,False
Training/notumor/Tr-no_1356.jpg,Testing/notumor/Te-no_101.jpg,train,test,notumor,notumor,0,1,True,False
Training/notumor/Tr-no_1356.jpg,Testing/notumor/Te-no_185.jpg,train,test,notumor,notumor,0,0,True,False
Training/notumor/Tr-no_1356.jpg,Testing/notumor/Te-no_195.jpg,train,test,notumor,notumor,0,0,True,False
Training/notumor/Tr-no_1356.jpg,Testing/notumor/Te-no_303.jpg,train,test,notumor,notumor,0,1,True,False
Training/notumor/Tr-no_1356.jpg,Testing/notumor/Te-no_89.jpg,train,test,notumor,notumor,0,1,True,False
Training/notumor/Tr-no_1359.jpg,Testing/notumor/Te-no_218.jpg,train,test,notumor,notumor,0,1,True,False
Training/notumor/Tr-no_136.jpg,Testing/notumor/Te-no_84.jpg,train,test,notumor,notumor,2,0,True,False
Training/notumor/Tr-no_1362.jpg,Testing/notumor/Te-no_197.jpg,train,test,notumor,notumor,2,0,True,False
Training/notumor/Tr-no_1362.jpg,Testing/notumor/Te-no_353.jpg,train,test,notumor,notumor,2,0,True,False
Training/notumor/Tr-no_1364.jpg,Testing/notumor/Te-no_242.jpg,train,test,notumor,notumor,0,1,True,False
Training/notumor/Tr-no_1364.jpg,Testing/notumor/Te-no_266.jpg,train,test,notumor,notumor,2,0,True,False
Training/notumor/Tr-no_1367.jpg,Testing/notumor/Te-no_288.jpg,train,test,notumor,notumor,0,0,True,False
Training/notumor/Tr-no_1368.jpg,Testing/notumor/Te-no_48.jpg,train,test,notumor,notumor,0,1,True,False
Training/notumor/Tr-no_1368.jpg,Testing/notumor/Te-no_69.jpg,train,test,notumor,notumor,0,0,True,False
Training/notumor/Tr-no_137.jpg,Testing/notumor/Te-no_187.jpg,train,test,notumor,notumor,0,0,True,False
Training/notumor/Tr-no_1370.jpg,Testing/notumor/Te-no_139.jpg,train,test,notumor,notumor,0,0,True,False
Training/notumor/Tr-no_1370.jpg,Testing/notumor/Te-no_296.jpg,train,test,notumor,notumor,32,0,True,False
Training/notumor/Tr-no_1370.jpg,Testing/notumor/Te-no_360.jpg,train,test,notumor,notumor,32,0,True,False
Training/notumor/Tr-no_1371.jpg,Testing/notumor/Te-no_11.jpg,train,test,notumor,notumor,0,1,True,False
Training/notumor/Tr-no_1375.jpg,Testing/notumor/Te-no_35.jpg,train,test,notumor,notumor,2,0,True,False
Training/notumor/Tr-no_1375.jpg,Testing/notumor/Te-no_383.jpg,train,test,notumor,notumor,0,1,True,False
Training/notumor/Tr-no_1377.jpg,Testing/notumor/Te-no_253.jpg,train,test,notumor,notumor,0,1,True,False
Training/notumor/Tr-no_1381.jpg,Testing/notumor/Te-no_248.jpg,train,test,notumor,notumor,0,0,True,False
Training/notumor/Tr-no_1385.jpg,Testing/notumor/Te-no_163.jpg,train,test,notumor,notumor,0,1,True,False
Training/notumor/Tr-no_1385.jpg,Testing/notumor/Te-no_285.jpg,train,test,notumor,notumor,0,0,True,False
Training/notumor/Tr-no_1385.jpg,Testing/notumor/Te-no_344.jpg,train,test,notumor,notumor,0,0,True,False
Training/notumor/Tr-no_1385.jpg,Testing/notumor/Te-no_372.jpg,train,test,notumor,notumor,0,1,True,False
Training/notumor/Tr-no_1385.jpg,Testing/notumor/Te-no_391.jpg,train,test,notumor,notumor,0,1,True,False
Training/notumor/Tr-no_1386.jpg,Testing/notumor/Te-no_104.jpg,train,test,notumor,notumor,0,1,True,False
Training/notumor/Tr-no_1387.jpg,Testing/notumor/Te-no_193.jpg,train,test,notumor,notumor,0,1,True,False
Training/notumor/Tr-no_1387.jpg,Testing/notumor/Te-no_239.jpg,train,test,notumor,notumor,0,0,True,False
Training/notumor/Tr-no_1389.jpg,Testing/notumor/Te-no_299.jpg,train,test,notumor,notumor,0,0,True,False
Training/notumor/Tr-no_1389.jpg,Testing/notumor/Te-no_312.jpg,train,test,notumor,notumor,0,0,True,False
Training/notumor/Tr-no_139.jpg,Testing/notumor/Te-no_258.jpg,train,test,notumor,notumor,2,0,True,False
Training/notumor/Tr-no_1392.jpg,Testing/notumor/Te-no_61.jpg,train,test,notumor,notumor,0,0,True,False
Training/notumor/Tr-no_1396.jpg,Testing/notumor/Te-no_176.jpg,train,test,notumor,notumor,0,0,True,False
Training/notumor/Tr-no_1396.jpg,Testing/notumor/Te-no_387.jpg,train,test,notumor,notumor,0,0,True,False
Training/notumor/Tr-no_1399.jpg,Testing/notumor/Te-no_199.jpg,train,test,notumor,notumor,0,0,True,False
Training/notumor/Tr-no_1399.jpg,Testing/notumor/Te-no_370.jpg,train,test,notumor,notumor,0,0,True,False
Training/notumor/Tr-no_143.jpg,Testing/notumor/Te-no_258.jpg,train,test,notumor,notumor,2,0,True,False
Training/notumor/Tr-no_145.jpg,Testing/notumor/Te-no_129.jpg,train,test,notumor,notumor,0,0,True,False
Training/notumor/Tr-no_145.jpg,Testing/notumor/Te-no_131.jpg,train,test,notumor,notumor,0,0,True,False
Training/notumor/Tr-no_145.jpg,Testing/notumor/Te-no_147.jpg,train,test,notumor,notumor,0,0,True,False
Training/notumor/Tr-no_145.jpg,Testing/notumor/Te-no_395.jpg,train,test,notumor,notumor,0,0,True,False
Training/notumor/Tr-no_146.jpg,Testing/notumor/Te-no_219.jpg,train,test,notumor,notumor,2,0,True,False
Training/notumor/Tr-no_147.jpg,Testing/notumor/Te-no_167.jpg,train,test,notumor,notumor,0,0,True,False
Training/notumor/Tr-no_149.jpg,Testing/notumor/Te-no_300.jpg,train,test,notumor,notumor,2,0,True,False
Training/notumor/Tr-no_149.jpg,Testing/notumor/Te-no_99.jpg,train,test,notumor,notumor,0,0,True,False
Training/notumor/Tr-no_151.jpg,Testing/notumor/Te-no_1.jpg,train,test,notumor,notumor,2,0,True,False
Training/notumor/Tr-no_154.jpg,Testing/notumor/Te-no_134.jpg,train,test,notumor,notumor,0,0,True,False
Training/notumor/Tr-no_154.jpg,Testing/notumor/Te-no_58.jpg,train,test,notumor,notumor,0,0,True,False
Training/notumor/Tr-no_158.jpg,Testing/notumor/Te-no_245.jpg,train,test,notumor,notumor,0,0,True,False
Training/notumor/Tr-no_159.jpg,Testing/notumor/Te-no_246.jpg,train,test,notumor,notumor,0,0,True,False
Training/notumor/Tr-no_16.jpg,Testing/notumor/Te-no_139.jpg,train,test,notumor,notumor,32,0,True,False
Training/notumor/Tr-no_16.jpg,Testing/notumor/Te-no_296.jpg,train,test,notumor,notumor,0,0,True,False
Training/notumor/Tr-no_16.jpg,Testing/notumor/Te-no_360.jpg,train,test,notumor,notumor,0,0,True,False
Training/notumor/Tr-no_160.jpg,Testing/notumor/Te-no_307.jpg,train,test,notumor,notumor,0,0,True,False
Training/notumor/Tr-no_164.jpg,Testing/notumor/Te-no_288.jpg,train,test,notumor,notumor,4,0,True,False
Training/notumor/Tr-no_170.jpg,Testing/notumor/Te-no_228.jpg,train,test,notumor,notumor,0,1,True,False
Training/notumor/Tr-no_175.jpg,Testing/notumor/Te-no_258.jpg,train,test,notumor,notumor,2,0,True,False
Training/notumor/Tr-no_177.jpg,Testing/notumor/Te-no_111.jpg,train,test,notumor,notumor,2,0,True,False
Training/notumor/Tr-no_177.jpg,Testing/notumor/Te-no_361.jpg,train,test,notumor,notumor,0,0,True,False
Training/notumor/Tr-no_177.jpg,Testing/notumor/Te-no_80.jpg,train,test,notumor,notumor,0,0,True,False
Training/notumor/Tr-no_184.jpg,Testing/notumor/Te-no_163.jpg,train,test,notumor,notumor,0,0,True,False
Training/notumor/Tr-no_184.jpg,Testing/notumor/Te-no_285.jpg,train,test,notumor,notumor,0,1,True,False
Training/notumor/Tr-no_184.jpg,Testing/notumor/Te-no_344.jpg,train,test,notumor,notumor,0,1,True,False
Training/notumor/Tr-no_184.jpg,Testing/notumor/Te-no_372.jpg,train,test,notumor,notumor,0,0,True,False
Training/notumor/Tr-no_184.jpg,Testing/notumor/Te-no_391.jpg,train,test,notumor,notumor,0,0,True,False
Training/notumor/Tr-no_187.jpg,Testing/notumor/Te-no_339.jpg,train,test,notumor,notumor,0,0,True,False
Training/notumor/Tr-no_188.jpg,Testing/notumor/Te-no_238.jpg,train,test,notumor,notumor,0,0,True,False
Training/notumor/Tr-no_19.jpg,Testing/notumor/Te-no_24.jpg,train,test,notumor,notumor,0,2,True,False
Training/notumor/Tr-no_19.jpg,Testing/notumor/Te-no_396.jpg,train,test,notumor,notumor,0,2,True,False
Training/notumor/Tr-no_191.jpg,Testing/notumor/Te-no_204.jpg,train,test,notumor,notumor,2,0,True,False
Training/notumor/Tr-no_191.jpg,Testing/notumor/Te-no_50.jpg,train,test,notumor,notumor,0,0,True,False
Training/notumor/Tr-no_194.jpg,Testing/notumor/Te-no_8.jpg,train,test,notumor,notumor,0,0,True,False
Training/notumor/Tr-no_2.jpg,Testing/notumor/Te-no_358.jpg,train,test,notumor,notumor,2,0,True,False
Training/notumor/Tr-no_200.jpg,Testing/notumor/Te-no_120.jpg,train,test,notumor,notumor,2,0,True,False
Training/notumor/Tr-no_200.jpg,Testing/notumor/Te-no_399.jpg,train,test,notumor,notumor,2,0,True,False
Training/notumor/Tr-no_203.jpg,Testing/notumor/Te-no_113.jpg,train,test,notumor,notumor,32,0,True,False
Training/notumor/Tr-no_203.jpg,Testing/notumor/Te-no_140.jpg,train,test,notumor,notumor,30,0,True,False
Training/notumor/Tr-no_203.jpg,Testing/notumor/Te-no_189.jpg,train,test,notumor,notumor,32,0,True,False
Training/notumor/Tr-no_203.jpg,Testing/notumor/Te-no_209.jpg,train,test,notumor,notumor,30,0,True,False
Training/notumor/Tr-no_203.jpg,Testing/notumor/Te-no_260.jpg,train,test,notumor,notumor,34,0,True,False
Training/notumor/Tr-no_203.jpg,Testing/notumor/Te-no_271.jpg,train,test,notumor,notumor,34,0,True,False
Training/notumor/Tr-no_203.jpg,Testing/notumor/Te-no_275.jpg,train,test,notumor,notumor,34,0,True,False
Training/notumor/Tr-no_203.jpg,Testing/notumor/Te-no_334.jpg,train,test,notumor,notumor,32,0,True,False
Training/notumor/Tr-no_203.jpg,Testing/notumor/Te-no_351.jpg,train,test,notumor,notumor,0,0,True,False
Training/notumor/Tr-no_203.jpg,Testing/notumor/Te-no_388.jpg,train,test,notumor,notumor,28,0,True,False
Training/notumor/Tr-no_205.jpg,Testing/notumor/Te-no_333.jpg,train,test,notumor,notumor,0,1,True,False
Training/notumor/Tr-no_207.jpg,Testing/notumor/Te-no_116.jpg,train,test,notumor,notumor,0,0,True,False
Training/notumor/Tr-no_21.jpg,Testing/notumor/Te-no_113.jpg,train,test,notumor,notumor,34,0,True,False
Training/notumor/Tr-no_21.jpg,Testing/notumor/Te-no_140.jpg,train,test,notumor,notumor,2,0,True,False
Training/notumor/Tr-no_21.jpg,Testing/notumor/Te-no_189.jpg,train,test,notumor,notumor,32,0,True,False
Training/notumor/Tr-no_21.jpg,Testing/notumor/Te-no_209.jpg,train,test,notumor,notumor,36,0,True,False
Training/notumor/Tr-no_21.jpg,Testing/notumor/Te-no_260.jpg,train,test,notumor,notumor,30,0,True,False
Training/notumor/Tr-no_21.jpg,Testing/notumor/Te-no_271.jpg,train,test,notumor,notumor,30,0,True,False
Training/notumor/Tr-no_21.jpg,Testing/notumor/Te-no_275.jpg,train,test,notumor,notumor,30,0,True,False
Training/notumor/Tr-no_21.jpg,Testing/notumor/Te-no_334.jpg,train,test,notumor,notumor,34,0,True,False
Training/notumor/Tr-no_21.jpg,Testing/notumor/Te-no_351.jpg,train,test,notumor,notumor,30,0,True,False
Training/notumor/Tr-no_21.jpg,Testing/notumor/Te-no_388.jpg,train,test,notumor,notumor,2,0,True,False
Training/notumor/Tr-no_213.jpg,Testing/notumor/Te-no_118.jpg,train,test,notumor,notumor,30,0,True,False
Training/notumor/Tr-no_213.jpg,Testing/notumor/Te-no_158.jpg,train,test,notumor,notumor,0,0,True,False
Training/notumor/Tr-no_213.jpg,Testing/notumor/Te-no_171.jpg,train,test,notumor,notumor,0,0,True,False
Training/notumor/Tr-no_213.jpg,Testing/notumor/Te-no_262.jpg,train,test,notumor,notumor,4,0,True,False
Training/notumor/Tr-no_213.jpg,Testing/notumor/Te-no_397.jpg,train,test,notumor,notumor,0,0,True,False
Training/notumor/Tr-no_213.jpg,Testing/notumor/Te-no_44.jpg,train,test,notumor,notumor,30,0,True,False
Training/notumor/Tr-no_217.jpg,Testing/notumor/Te-no_322.jpg,train,test,notumor,notumor,0,2,True,False
Training/notumor/Tr-no_219.jpg,Testing/notumor/Te-no_8.jpg,train,test,notumor,notumor,0,0,True,False
Training/notumor/Tr-no_220.jpg,Testing/notumor/Te-no_314.jpg,train,test,notumor,notumor,0,2,True,False
Training/notumor/Tr-no_223.jpg,Testing/notumor/Te-no_127.jpg,train,test,notumor,notumor,2,0,True,False
Training/notumor/Tr-no_223.jpg,Testing/notumor/Te-no_357.jpg,train,test,notumor,notumor,0,0,True,False
Training/notumor/Tr-no_224.jpg,Testing/notumor/Te-no_113.jpg,train,test,notumor,notumor,34,0,True,False
Training/notumor/Tr-no_224.jpg,Testing/notumor/Te-no_140.jpg,train,test,notumor,notumor,2,0,True,False
Training/notumor/Tr-no_224.jpg,Testing/notumor/Te-no_189.jpg,train,test,notumor,notumor,32,0,True,False
Training/notumor/Tr-no_224.jpg,Testing/notumor/Te-no_209.jpg,train,test,notumor,notumor,36,0,True,False
Training/notumor/Tr-no_224.jpg,Testing/notumor/Te-no_260.jpg,train,test,notumor,notumor,30,0,True,False
Training/notumor/Tr-no_224.jpg,Testing/notumor/Te-no_271.jpg,train,test,notumor,notumor,30,0,True,False
Training/notumor/Tr-no_224.jpg,Testing/notumor/Te-no_275.jpg,train,test,notumor,notumor,30,0,True,False
Training/notumor/Tr-no_224.jpg,Testing/notumor/Te-no_334.jpg,train,test,notumor,notumor,34,0,True,False
Training/notumor/Tr-no_224.jpg,Testing/notumor/Te-no_351.jpg,train,test,notumor,notumor,30,0,True,False
Training/notumor/Tr-no_224.jpg,Testing/notumor/Te-no_388.jpg,train,test,notumor,notumor,2,0,True,False
Training/notumor/Tr-no_227.jpg,Testing/notumor/Te-no_233.jpg,train,test,notumor,notumor,2,0,True,False
Training/notumor/Tr-no_23.jpg,Testing/notumor/Te-no_4.jpg,train,test,notumor,notumor,0,0,True,False
Training/notumor/Tr-no_232.jpg,Testing/notumor/Te-no_113.jpg,train,test,notumor,notumor,34,0,True,False
Training/notumor/Tr-no_232.jpg,Testing/notumor/Te-no_140.jpg,train,test,notumor,notumor,2,0,True,False
Training/notumor/Tr-no_232.jpg,Testing/notumor/Te-no_189.jpg,train,test,notumor,notumor,32,0,True,False
Training/notumor/Tr-no_232.jpg,Testing/notumor/Te-no_209.jpg,train,test,notumor,notumor,36,0,True,False
Training/notumor/Tr-no_232.jpg,Testing/notumor/Te-no_260.jpg,train,test,notumor,notumor,30,0,True,False
Training/notumor/Tr-no_232.jpg,Testing/notumor/Te-no_271.jpg,train,test,notumor,notumor,30,0,True,False
Training/notumor/Tr-no_232.jpg,Testing/notumor/Te-no_275.jpg,train,test,notumor,notumor,30,0,True,False
Training/notumor/Tr-no_232.jpg,Testing/notumor/Te-no_334.jpg,train,test,notumor,notumor,34,0,True,False
Training/notumor/Tr-no_232.jpg,Testing/notumor/Te-no_351.jpg,train,test,notumor,notumor,30,0,True,False
Training/notumor/Tr-no_232.jpg,Testing/notumor/Te-no_388.jpg,train,test,notumor,notumor,2,0,True,False
Training/notumor/Tr-no_234.jpg,Testing/notumor/Te-no_11.jpg,train,test,notumor,notumor,2,0,True,False
Training/notumor/Tr-no_236.jpg,Testing/notumor/Te-no_119.jpg,train,test,notumor,notumor,2,0,True,False
Training/notumor/Tr-no_236.jpg,Testing/notumor/Te-no_206.jpg,train,test,notumor,notumor,2,0,True,False
Training/notumor/Tr-no_239.jpg,Testing/notumor/Te-no_170.jpg,train,test,notumor,notumor,0,2,True,False
Training/notumor/Tr-no_24.jpg,Testing/notumor/Te-no_198.jpg,train,test,notumor,notumor,0,0,True,False
Training/notumor/Tr-no_24.jpg,Testing/notumor/Te-no_25.jpg,train,test,notumor,notumor,0,0,True,False
Training/notumor/Tr-no_24.jpg,Testing/notumor/Te-no_336.jpg,train,test,notumor,notumor,0,1,True,False
Training/notumor/Tr-no_24.jpg,Testing/notumor/Te-no_85.jpg,train,test,notumor,notumor,0,0,True,False
Training/notumor/Tr-no_24.jpg,Testing/notumor/Te-no_90.jpg,train,test,notumor,notumor,0,0,True,False
Training/notumor/Tr-no_241.jpg,Testing/notumor/Te-no_113.jpg,train,test,notumor,notumor,30,0,True,False
Training/notumor/Tr-no_241.jpg,Testing/notumor/Te-no_140.jpg,train,test,notumor,notumor,32,0,True,False
Training/notumor/Tr-no_241.jpg,Testing/notumor/Te-no_189.jpg,train,test,notumor,notumor,0,0,True,False
Training/notumor/Tr-no_241.jpg,Testing/notumor/Te-no_209.jpg,train,test,notumor,notumor,28,0,True,False
Training/notumor/Tr-no_241.jpg,Testing/notumor/Te-no_260.jpg,train,test,notumor,notumor,2,0,True,False
Training/notumor/Tr-no_241.jpg,Testing/notumor/Te-no_271.jpg,train,test,notumor,notumor,2,0,True,False
Training/notumor/Tr-no_241.jpg,Testing/notumor/Te-no_275.jpg,train,test,notumor,notumor,2,0,True,False
Training/notumor/Tr-no_241.jpg,Testing/notumor/Te-no_334.jpg,train,test,notumor,notumor,30,0,True,False
Training/notumor/Tr-no_241.jpg,Testing/notumor/Te-no_351.jpg,train,test,notumor,notumor,32,0,True,False
Training/notumor/Tr-no_241.jpg,Testing/notumor/Te-no_388.jpg,train,test,notumor,notumor,30,0,True,False
Training/notumor/Tr-no_246.jpg,Testing/notumor/Te-no_41.jpg,train,test,notumor,notumor,0,0,True,False
Training/notumor/Tr-no_247.jpg,Testing/notumor/Te-no_150.jpg,train,test,notumor,notumor,0,0,True,False
Training/notumor/Tr-no_249.jpg,Testing/notumor/Te-no_113.jpg,train,test,notumor,notumor,34,0,True,False
Training/notumor/Tr-no_249.jpg,Testing/notumor/Te-no_140.jpg,train,test,notumor,notumor,2,0,True,False
Training/notumor/Tr-no_249.jpg,Testing/notumor/Te-no_189.jpg,train,test,notumor,notumor,32,0,True,False
Training/notumor/Tr-no_249.jpg,Testing/notumor/Te-no_209.jpg,train,test,notumor,notumor,36,0,True,False
Training/notumor/Tr-no_249.jpg,Testing/notumor/Te-no_260.jpg,train,test,notumor,notumor,30,0,True,False
Training/notumor/Tr-no_249.jpg,Testing/notumor/Te-no_271.jpg,train,test,notumor,notumor,30,0,True,False
Training/notumor/Tr-no_249.jpg,Testing/notumor/Te-no_275.jpg,train,test,notumor,notumor,30,0,True,False
Training/notumor/Tr-no_249.jpg,Testing/notumor/Te-no_334.jpg,train,test,notumor,notumor,34,0,True,False
Training/notumor/Tr-no_249.jpg,Testing/notumor/Te-no_351.jpg,train,test,notumor,notumor,30,0,True,False
Training/notumor/Tr-no_249.jpg,Testing/notumor/Te-no_388.jpg,train,test,notumor,notumor,2,0,True,False
Training/notumor/Tr-no_251.jpg,Testing/notumor/Te-no_113.jpg,train,test,notumor,notumor,32,0,True,False
Training/notumor/Tr-no_251.jpg,Testing/notumor/Te-no_140.jpg,train,test,notumor,notumor,4,0,True,False
Training/notumor/Tr-no_251.jpg,Testing/notumor/Te-no_189.jpg,train,test,notumor,notumor,30,0,True,False
Training/notumor/Tr-no_251.jpg,Testing/notumor/Te-no_209.jpg,train,test,notumor,notumor,34,0,True,False
Training/notumor/Tr-no_251.jpg,Testing/notumor/Te-no_260.jpg,train,test,notumor,notumor,30,0,True,False
Training/notumor/Tr-no_251.jpg,Testing/notumor/Te-no_271.jpg,train,test,notumor,notumor,30,0,True,False
Training/notumor/Tr-no_251.jpg,Testing/notumor/Te-no_275.jpg,train,test,notumor,notumor,30,0,True,False
Training/notumor/Tr-no_251.jpg,Testing/notumor/Te-no_334.jpg,train,test,notumor,notumor,32,0,True,False
Training/notumor/Tr-no_251.jpg,Testing/notumor/Te-no_351.jpg,train,test,notumor,notumor,30,0,True,False
Training/notumor/Tr-no_251.jpg,Testing/notumor/Te-no_388.jpg,train,test,notumor,notumor,2,0,True,False
Training/notumor/Tr-no_253.jpg,Testing/notumor/Te-no_125.jpg,train,test,notumor,notumor,2,0,True,False
Training/notumor/Tr-no_253.jpg,Testing/notumor/Te-no_276.jpg,train,test,notumor,notumor,2,0,True,False
Training/notumor/Tr-no_254.jpg,Testing/notumor/Te-no_118.jpg,train,test,notumor,notumor,32,0,True,False
Training/notumor/Tr-no_254.jpg,Testing/notumor/Te-no_158.jpg,train,test,notumor,notumor,2,0,True,False
Training/notumor/Tr-no_254.jpg,Testing/notumor/Te-no_171.jpg,train,test,notumor,notumor,2,0,True,False
Training/notumor/Tr-no_254.jpg,Testing/notumor/Te-no_262.jpg,train,test,notumor,notumor,2,0,True,False
Training/notumor/Tr-no_254.jpg,Testing/notumor/Te-no_397.jpg,train,test,notumor,notumor,2,0,True,False
Training/notumor/Tr-no_254.jpg,Testing/notumor/Te-no_44.jpg,train,test,notumor,notumor,32,0,True,False
Training/notumor/Tr-no_259.jpg,Testing/notumor/Te-no_183.jpg,train,test,notumor,notumor,2,0,True,False
Training/notumor/Tr-no_264.jpg,Testing/notumor/Te-no_269.jpg,train,test,notumor,notumor,0,1,True,False
Training/notumor/Tr-no_264.jpg,Testing/notumor/Te-no_53.jpg,train,test,notumor,notumor,0,1,True,False
Training/notumor/Tr-no_267.jpg,Testing/notumor/Te-no_113.jpg,train,test,notumor,notumor,30,0,True,False
Training/notumor/Tr-no_267.jpg,Testing/notumor/Te-no_140.jpg,train,test,notumor,notumor,32,0,True,False
Training/notumor/Tr-no_267.jpg,Testing/notumor/Te-no_189.jpg,train,test,notumor,notumor,2,0,True,False
Training/notumor/Tr-no_267.jpg,Testing/notumor/Te-no_209.jpg,train,test,notumor,notumor,30,0,True,False
Training/notumor/Tr-no_267.jpg,Testing/notumor/Te-no_260.jpg,train,test,notumor,notumor,0,0,True,False
Training/notumor/Tr-no_267.jpg,Testing/notumor/Te-no_271.jpg,train,test,notumor,notumor,0,0,True,False
Training/notumor/Tr-no_267.jpg,Testing/notumor/Te-no_275.jpg,train,test,notumor,notumor,0,0,True,False
Training/notumor/Tr-no_267.jpg,Testing/notumor/Te-no_334.jpg,train,test,notumor,notumor,30,0,True,False
Training/notumor/Tr-no_267.jpg,Testing/notumor/Te-no_351.jpg,train,test,notumor,notumor,34,0,True,False
Training/notumor/Tr-no_267.jpg,Testing/notumor/Te-no_388.jpg,train,test,notumor,notumor,32,0,True,False
Training/notumor/Tr-no_27.jpg,Testing/notumor/Te-no_97.jpg,train,test,notumor,notumor,0,0,True,False
Training/notumor/Tr-no_270.jpg,Testing/notumor/Te-no_125.jpg,train,test,notumor,notumor,0,0,True,False
Training/notumor/Tr-no_270.jpg,Testing/notumor/Te-no_276.jpg,train,test,notumor,notumor,2,0,True,False
Training/notumor/Tr-no_270.jpg,Testing/notumor/Te-no_33.jpg,train,test,notumor,notumor,0,1,True,False
Training/notumor/Tr-no_271.jpg,Testing/notumor/Te-no_249.jpg,train,test,notumor,notumor,0,0,True,False
Training/notumor/Tr-no_271.jpg,Testing/notumor/Te-no_261.jpg,train,test,notumor,notumor,0,0,True,False
Training/notumor/Tr-no_272.jpg,Testing/notumor/Te-no_180.jpg,train,test,notumor,notumor,2,0,True,False
Training/notumor/Tr-no_272.jpg,Testing/notumor/Te-no_379.jpg,train,test,notumor,notumor,0,2,True,False
Training/notumor/Tr-no_272.jpg,Testing/notumor/Te-no_72.jpg,train,test,notumor,notumor,2,0,True,False
Training/notumor/Tr-no_272.jpg,Testing/notumor/Te-no_88.jpg,train,test,notumor,notumor,0,0,True,False
Training/notumor/Tr-no_276.jpg,Testing/notumor/Te-no_176.jpg,train,test,notumor,notumor,4,0,True,False
Training/notumor/Tr-no_276.jpg,Testing/notumor/Te-no_387.jpg,train,test,notumor,notumor,4,0,True,False
Training/notumor/Tr-no_278.jpg,Testing/notumor/Te-no_245.jpg,train,test,notumor,notumor,0,0,True,False
Training/notumor/Tr-no_29.jpg,Testing/notumor/Te-no_113.jpg,train,test,notumor,notumor,34,0,True,False
Training/notumor/Tr-no_29.jpg,Testing/notumor/Te-no_140.jpg,train,test,notumor,notumor,2,0,True,False
Training/notumor/Tr-no_29.jpg,Testing/notumor/Te-no_189.jpg,train,test,notumor,notumor,32,0,True,False
Training/notumor/Tr-no_29.jpg,Testing/notumor/Te-no_209.jpg,train,test,notumor,notumor,36,0,True,False
Training/notumor/Tr-no_29.jpg,Testing/notumor/Te-no_260.jpg,train,test,notumor,notumor,30,0,True,False
Training/notumor/Tr-no_29.jpg,Testing/notumor/Te-no_271.jpg,train,test,notumor,notumor,30,0,True,False
Training/notumor/Tr-no_29.jpg,Testing/notumor/Te-no_275.jpg,train,test,notumor,notumor,30,0,True,False
Training/notumor/Tr-no_29.jpg,Testing/notumor/Te-no_334.jpg,train,test,notumor,notumor,34,0,True,False
Training/notumor/Tr-no_29.jpg,Testing/notumor/Te-no_351.jpg,train,test,notumor,notumor,30,0,True,False
Training/notumor/Tr-no_29.jpg,Testing/notumor/Te-no_388.jpg,train,test,notumor,notumor,2,0,True,False
Training/notumor/Tr-no_290.jpg,Testing/notumor/Te-no_204.jpg,train,test,notumor,notumor,0,0,True,False
Training/notumor/Tr-no_290.jpg,Testing/notumor/Te-no_50.jpg,train,test,notumor,notumor,2,0,True,False
Training/notumor/Tr-no_291.jpg,Testing/notumor/Te-no_81.jpg,train,test,notumor,notumor,0,1,True,False
Training/notumor/Tr-no_293.jpg,Testing/notumor/Te-no_115.jpg,train,test,notumor,notumor,2,0,True,False
Training/notumor/Tr-no_293.jpg,Testing/notumor/Te-no_304.jpg,train,test,notumor,notumor,0,0,True,False
Training/notumor/Tr-no_294.jpg,Testing/notumor/Te-no_105.jpg,train,test,notumor,notumor,0,7,True,False
Training/notumor/Tr-no_294.jpg,Testing/notumor/Te-no_259.jpg,train,test,notumor,notumor,0,1,True,False
Training/notumor/Tr-no_294.jpg,Testing/notumor/Te-no_328.jpg,train,test,notumor,notumor,0,7,True,False
Training/notumor/Tr-no_302.jpg,Testing/notumor/Te-no_16.jpg,train,test,notumor,notumor,0,0,True,False
Training/notumor/Tr-no_302.jpg,Testing/notumor/Te-no_5.jpg,train,test,notumor,notumor,0,0,True,False
Training/notumor/Tr-no_304.jpg,Testing/notumor/Te-no_309.jpg,train,test,notumor,notumor,2,0,True,False
Training/notumor/Tr-no_306.jpg,Testing/notumor/Te-no_236.jpg,train,test,notumor,notumor,0,1,True,False
Training/notumor/Tr-no_306.jpg,Testing/notumor/Te-no_345.jpg,train,test,notumor,notumor,0,0,True,False
Training/notumor/Tr-no_309.jpg,Testing/notumor/Te-no_15.jpg,train,test,notumor,notumor,0,1,True,False
Training/notumor/Tr-no_309.jpg,Testing/notumor/Te-no_305.jpg,train,test,notumor,notumor,0,0,True,False
Training/notumor/Tr-no_311.jpg,Testing/notumor/Te-no_37.jpg,train,test,notumor,notumor,0,1,True,False
Training/notumor/Tr-no_311.jpg,Testing/notumor/Te-no_73.jpg,train,test,notumor,notumor,0,1,True,False
Training/notumor/Tr-no_314.jpg,Testing/notumor/Te-no_166.jpg,train,test,notumor,notumor,2,0,True,False
Training/notumor/Tr-no_314.jpg,Testing/notumor/Te-no_74.jpg,train,test,notumor,notumor,2,0,True,False
Training/notumor/Tr-no_318.jpg,Testing/notumor/Te-no_172.jpg,train,test,notumor,notumor,2,0,True,False
Training/notumor/Tr-no_319.jpg,Testing/notumor/Te-no_238.jpg,train,test,notumor,notumor,2,0,True,False
Training/notumor/Tr-no_320.jpg,Testing/notumor/Te-no_256.jpg,train,test,notumor,notumor,2,0,True,False
Training/notumor/Tr-no_322.jpg,Testing/notumor/Te-no_113.jpg,train,test,notumor,notumor,30,0,True,False
Training/notumor/Tr-no_322.jpg,Testing/notumor/Te-no_140.jpg,train,test,notumor,notumor,32,0,True,False
Training/notumor/Tr-no_322.jpg,Testing/notumor/Te-no_189.jpg,train,test,notumor,notumor,2,0,True,False
Training/notumor/Tr-no_322.jpg,Testing/notumor/Te-no_209.jpg,train,test,notumor,notumor,30,0,True,False
Training/notumor/Tr-no_322.jpg,Testing/notumor/Te-no_260.jpg,train,test,notumor,notumor,0,0,True,False
Training/notumor/Tr-no_322.jpg,Testing/notumor/Te-no_271.jpg,train,test,notumor,notumor,0,0,True,False
Training/notumor/Tr-no_322.jpg,Testing/notumor/Te-no_275.jpg,train,test,notumor,notumor,0,0,True,False
Training/notumor/Tr-no_322.jpg,Testing/notumor/Te-no_334.jpg,train,test,notumor,notumor,30,0,True,False
Training/notumor/Tr-no_322.jpg,Testing/notumor/Te-no_351.jpg,train,test,notumor,notumor,34,0,True,False
Training/notumor/Tr-no_322.jpg,Testing/notumor/Te-no_388.jpg,train,test,notumor,notumor,32,0,True,False
Training/notumor/Tr-no_324.jpg,Testing/notumor/Te-no_136.jpg,train,test,notumor,notumor,0,5,True,False
Training/notumor/Tr-no_324.jpg,Testing/notumor/Te-no_267.jpg,train,test,notumor,notumor,0,2,True,False
Training/notumor/Tr-no_330.jpg,Testing/notumor/Te-no_163.jpg,train,test,notumor,notumor,0,0,True,False
Training/notumor/Tr-no_330.jpg,Testing/notumor/Te-no_285.jpg,train,test,notumor,notumor,0,1,True,False
Training/notumor/Tr-no_330.jpg,Testing/notumor/Te-no_344.jpg,train,test,notumor,notumor,0,1,True,False
Training/notumor/Tr-no_330.jpg,Testing/notumor/Te-no_372.jpg,train,test,notumor,notumor,0,0,True,False
Training/notumor/Tr-no_330.jpg,Testing/notumor/Te-no_391.jpg,train,test,notumor,notumor,0,0,True,False
Training/notumor/Tr-no_334.jpg,Testing/notumor/Te-no_24.jpg,train,test,notumor,notumor,0,2,True,False
Training/notumor/Tr-no_334.jpg,Testing/notumor/Te-no_396.jpg,train,test,notumor,notumor,0,2,True,False
Training/notumor/Tr-no_339.jpg,Testing/notumor/Te-no_113.jpg,train,test,notumor,notumor,32,0,True,False
Training/notumor/Tr-no_339.jpg,Testing/notumor/Te-no_140.jpg,train,test,notumor,notumor,30,0,True,False
Training/notumor/Tr-no_339.jpg,Testing/notumor/Te-no_189.jpg,train,test,notumor,notumor,32,0,True,False
Training/notumor/Tr-no_339.jpg,Testing/notumor/Te-no_209.jpg,train,test,notumor,notumor,30,0,True,False
Training/notumor/Tr-no_339.jpg,Testing/notumor/Te-no_260.jpg,train,test,notumor,notumor,34,0,True,False
Training/notumor/Tr-no_339.jpg,Testing/notumor/Te-no_271.jpg,train,test,notumor,notumor,34,0,True,False
Training/notumor/Tr-no_339.jpg,Testing/notumor/Te-no_275.jpg,train,test,notumor,notumor,34,0,True,False
Training/notumor/Tr-no_339.jpg,Testing/notumor/Te-no_334.jpg,train,test,notumor,notumor,32,0,True,False
Training/notumor/Tr-no_339.jpg,Testing/notumor/Te-no_351.jpg,train,test,notumor,notumor,0,0,True,False
Training/notumor/Tr-no_339.jpg,Testing/notumor/Te-no_388.jpg,train,test,notumor,notumor,28,0,True,False
Training/notumor/Tr-no_340.jpg,Testing/notumor/Te-no_324.jpg,train,test,notumor,notumor,0,0,True,False
Training/notumor/Tr-no_341.jpg,Testing/notumor/Te-no_86.jpg,train,test,notumor,notumor,0,0,True,False
Training/notumor/Tr-no_342.jpg,Testing/notumor/Te-no_240.jpg,train,test,notumor,notumor,2,0,True,False
Training/notumor/Tr-no_343.jpg,Testing/notumor/Te-no_316.jpg,train,test,notumor,notumor,0,1,True,False
Training/notumor/Tr-no_345.jpg,Testing/notumor/Te-no_330.jpg,train,test,notumor,notumor,2,0,True,False
Training/notumor/Tr-no_347.jpg,Testing/notumor/Te-no_134.jpg,train,test,notumor,notumor,0,0,True,False
Training/notumor/Tr-no_347.jpg,Testing/notumor/Te-no_58.jpg,train,test,notumor,notumor,0,0,True,False
Training/notumor/Tr-no_35.jpg,Testing/notumor/Te-no_118.jpg,train,test,notumor,notumor,0,0,True,False
Training/notumor/Tr-no_35.jpg,Testing/notumor/Te-no_158.jpg,train,test,notumor,notumor,30,0,True,False
Training/notumor/Tr-no_35.jpg,Testing/notumor/Te-no_171.jpg,train,test,notumor,notumor,30,0,True,False
Training/notumor/Tr-no_35.jpg,Testing/notumor/Te-no_262.jpg,train,test,notumor,notumor,34,0,True,False
Training/notumor/Tr-no_35.jpg,Testing/notumor/Te-no_397.jpg,train,test,notumor,notumor,30,0,True,False
Training/notumor/Tr-no_35.jpg,Testing/notumor/Te-no_44.jpg,train,test,notumor,notumor,0,0,True,False
Training/notumor/Tr-no_352.jpg,Testing/notumor/Te-no_162.jpg,train,test,notumor,notumor,0,1,True,False
Training/notumor/Tr-no_357.jpg,Testing/notumor/Te-no_18.jpg,train,test,notumor,notumor,0,0,True,False
Training/notumor/Tr-no_36.jpg,Testing/notumor/Te-no_178.jpg,train,test,notumor,notumor,0,1,True,False
Training/notumor/Tr-no_360.jpg,Testing/notumor/Te-no_376.jpg,train,test,notumor,notumor,0,0,True,False
Training/notumor/Tr-no_362.jpg,Testing/notumor/Te-no_365.jpg,train,test,notumor,notumor,0,0,True,False
Training/notumor/Tr-no_364.jpg,Testing/notumor/Te-no_325.jpg,train,test,notumor,notumor,0,0,True,False
Training/notumor/Tr-no_365.jpg,Testing/notumor/Te-no_134.jpg,train,test,notumor,notumor,0,0,True,False
Training/notumor/Tr-no_365.jpg,Testing/notumor/Te-no_58.jpg,train,test,notumor,notumor,0,0,True,False
Training/notumor/Tr-no_367.jpg,Testing/notumor/Te-no_287.jpg,train,test,notumor,notumor,0,0,True,False
Training/notumor/Tr-no_368.jpg,Testing/notumor/Te-no_2.jpg,train,test,notumor,notumor,0,0,True,False
Training/notumor/Tr-no_368.jpg,Testing/notumor/Te-no_317.jpg,train,test,notumor,notumor,2,0,True,False
Training/notumor/Tr-no_369.jpg,Testing/notumor/Te-no_162.jpg,train,test,notumor,notumor,0,2,True,False
Training/notumor/Tr-no_37.jpg,Testing/notumor/Te-no_383.jpg,train,test,notumor,notumor,0,2,True,False
Training/notumor/Tr-no_370.jpg,Testing/notumor/Te-no_245.jpg,train,test,notumor,notumor,0,2,True,False
Training/notumor/Tr-no_371.jpg,Testing/notumor/Te-no_113.jpg,train,test,notumor,notumor,34,0,True,False
Training/notumor/Tr-no_371.jpg,Testing/notumor/Te-no_140.jpg,train,test,notumor,notumor,2,0,True,False
Training/notumor/Tr-no_371.jpg,Testing/notumor/Te-no_189.jpg,train,test,notumor,notumor,30,0,True,False
Training/notumor/Tr-no_371.jpg,Testing/notumor/Te-no_209.jpg,train,test,notumor,notumor,34,0,True,False
Training/notumor/Tr-no_371.jpg,Testing/notumor/Te-no_260.jpg,train,test,notumor,notumor,32,0,True,False
Training/notumor/Tr-no_371.jpg,Testing/notumor/Te-no_271.jpg,train,test,notumor,notumor,32,0,True,False
Training/notumor/Tr-no_371.jpg,Testing/notumor/Te-no_275.jpg,train,test,notumor,notumor,32,0,True,False
Training/notumor/Tr-no_371.jpg,Testing/notumor/Te-no_334.jpg,train,test,notumor,notumor,34,0,True,False
Training/notumor/Tr-no_371.jpg,Testing/notumor/Te-no_351.jpg,train,test,notumor,notumor,28,0,True,False
Training/notumor/Tr-no_371.jpg,Testing/notumor/Te-no_388.jpg,train,test,notumor,notumor,0,0,True,False
Training/notumor/Tr-no_373.jpg,Testing/notumor/Te-no_122.jpg,train,test,notumor,notumor,0,0,True,False
Training/notumor/Tr-no_377.jpg,Testing/notumor/Te-no_93.jpg,train,test,notumor,notumor,0,1,True,False
Training/notumor/Tr-no_379.jpg,Testing/notumor/Te-no_231.jpg,train,test,notumor,notumor,2,0,True,False
Training/notumor/Tr-no_382.jpg,Testing/notumor/Te-no_208.jpg,train,test,notumor,notumor,0,1,True,False
Training/notumor/Tr-no_385.jpg,Testing/notumor/Te-no_8.jpg,train,test,notumor,notumor,0,0,True,False
Training/notumor/Tr-no_386.jpg,Testing/notumor/Te-no_134.jpg,train,test,notumor,notumor,0,0,True,False
Training/notumor/Tr-no_386.jpg,Testing/notumor/Te-no_58.jpg,train,test,notumor,notumor,0,0,True,False
Training/notumor/Tr-no_39.jpg,Testing/notumor/Te-no_81.jpg,train,test,notumor,notumor,0,4,True,False
Training/notumor/Tr-no_391.jpg,Testing/notumor/Te-no_94.jpg,train,test,notumor,notumor,0,0,True,False
Training/notumor/Tr-no_392.jpg,Testing/notumor/Te-no_384.jpg,train,test,notumor,notumor,2,0,True,False
Training/notumor/Tr-no_392.jpg,Testing/notumor/Te-no_6.jpg,train,test,notumor,notumor,2,0,True,False
Training/notumor/Tr-no_4.jpg,Testing/notumor/Te-no_14.jpg,train,test,notumor,notumor,4,0,True,False
Training/notumor/Tr-no_4.jpg,Testing/notumor/Te-no_222.jpg,train,test,notumor,notumor,4,0,True,False
Training/notumor/Tr-no_401.jpg,Testing/notumor/Te-no_254.jpg,train,test,notumor,notumor,0,0,True,False
Training/notumor/Tr-no_402.jpg,Testing/notumor/Te-no_11.jpg,train,test,notumor,notumor,0,1,True,False
Training/notumor/Tr-no_403.jpg,Testing/notumor/Te-no_184.jpg,train,test,notumor,notumor,2,0,True,False
Training/notumor/Tr-no_403.jpg,Testing/notumor/Te-no_283.jpg,train,test,notumor,notumor,2,0,True,False
Training/notumor/Tr-no_403.jpg,Testing/notumor/Te-no_338.jpg,train,test,notumor,notumor,0,1,True,False
Training/notumor/Tr-no_404.jpg,Testing/notumor/Te-no_170.jpg,train,test,notumor,notumor,2,0,True,False
Training/notumor/Tr-no_404.jpg,Testing/notumor/Te-no_207.jpg,train,test,notumor,notumor,4,0,True,False
Training/notumor/Tr-no_405.jpg,Testing/notumor/Te-no_52.jpg,train,test,notumor,notumor,2,0,True,False
Training/notumor/Tr-no_409.jpg,Testing/notumor/Te-no_119.jpg,train,test,notumor,notumor,2,0,True,False
Training/notumor/Tr-no_409.jpg,Testing/notumor/Te-no_206.jpg,train,test,notumor,notumor,2,0,True,False
Training/notumor/Tr-no_422.jpg,Testing/notumor/Te-no_371.jpg,train,test,notumor,notumor,0,0,True,False
Training/notumor/Tr-no_424.jpg,Testing/notumor/Te-no_118.jpg,train,test,notumor,notumor,0,0,True,False
Training/notumor/Tr-no_424.jpg,Testing/notumor/Te-no_158.jpg,train,test,notumor,notumor,30,0,True,False
Training/notumor/Tr-no_424.jpg,Testing/notumor/Te-no_171.jpg,train,test,notumor,notumor,30,0,True,False
Training/notumor/Tr-no_424.jpg,Testing/notumor/Te-no_262.jpg,train,test,notumor,notumor,34,0,True,False
Training/notumor/Tr-no_424.jpg,Testing/notumor/Te-no_397.jpg,train,test,notumor,notumor,30,0,True,False
Training/notumor/Tr-no_424.jpg,Testing/notumor/Te-no_44.jpg,train,test,notumor,notumor,0,0,True,False
Training/notumor/Tr-no_425.jpg,Testing/notumor/Te-no_243.jpg,train,test,notumor,notumor,2,0,True,False
Training/notumor/Tr-no_429.jpg,Testing/notumor/Te-no_212.jpg,train,test,notumor,notumor,0,0,True,False
Training/notumor/Tr-no_437.jpg,Testing/notumor/Te-no_120.jpg,train,test,notumor,notumor,2,0,True,False
Training/notumor/Tr-no_437.jpg,Testing/notumor/Te-no_399.jpg,train,test,notumor,notumor,4,0,True,False
Training/notumor/Tr-no_440.jpg,Testing/notumor/Te-no_47.jpg,train,test,notumor,notumor,4,0,True,False
Training/notumor/Tr-no_443.jpg,Testing/notumor/Te-no_162.jpg,train,test,notumor,notumor,0,0,True,False
Training/notumor/Tr-no_444.jpg,Testing/notumor/Te-no_286.jpg,train,test,notumor,notumor,0,1,True,False
Training/notumor/Tr-no_444.jpg,Testing/notumor/Te-no_346.jpg,train,test,notumor,notumor,0,1,True,False
Training/notumor/Tr-no_446.jpg,Testing/notumor/Te-no_215.jpg,train,test,notumor,notumor,0,1,True,False
Training/notumor/Tr-no_447.jpg,Testing/notumor/Te-no_24.jpg,train,test,notumor,notumor,0,2,True,False
Training/notumor/Tr-no_447.jpg,Testing/notumor/Te-no_396.jpg,train,test,notumor,notumor,0,2,True,False
Training/notumor/Tr-no_449.jpg,Testing/notumor/Te-no_13.jpg,train,test,notumor,notumor,0,0,True,False
Training/notumor/Tr-no_450.jpg,Testing/notumor/Te-no_389.jpg,train,test,notumor,notumor,0,1,True,False
Training/notumor/Tr-no_458.jpg,Testing/notumor/Te-no_108.jpg,train,test,notumor,notumor,2,0,True,False
Training/notumor/Tr-no_46.jpg,Testing/notumor/Te-no_113.jpg,train,test,notumor,notumor,32,0,True,False
Training/notumor/Tr-no_46.jpg,Testing/notumor/Te-no_140.jpg,train,test,notumor,notumor,30,0,True,False
Training/notumor/Tr-no_46.jpg,Testing/notumor/Te-no_189.jpg,train,test,notumor,notumor,32,0,True,False
Training/notumor/Tr-no_46.jpg,Testing/notumor/Te-no_209.jpg,train,test,notumor,notumor,30,0,True,False
Training/notumor/Tr-no_46.jpg,Testing/notumor/Te-no_260.jpg,train,test,notumor,notumor,32,0,True,False
Training/notumor/Tr-no_46.jpg,Testing/notumor/Te-no_271.jpg,train,test,notumor,notumor,32,0,True,False
Training/notumor/Tr-no_46.jpg,Testing/notumor/Te-no_275.jpg,train,test,notumor,notumor,32,0,True,False
Training/notumor/Tr-no_46.jpg,Testing/notumor/Te-no_334.jpg,train,test,notumor,notumor,32,0,True,False
Training/notumor/Tr-no_46.jpg,Testing/notumor/Te-no_351.jpg,train,test,notumor,notumor,2,0,True,False
Training/notumor/Tr-no_46.jpg,Testing/notumor/Te-no_388.jpg,train,test,notumor,notumor,30,0,True,False
Training/notumor/Tr-no_460.jpg,Testing/notumor/Te-no_364.jpg,train,test,notumor,notumor,0,1,True,False
Training/notumor/Tr-no_468.jpg,Testing/notumor/Te-no_10.jpg,train,test,notumor,notumor,0,0,True,False
Training/notumor/Tr-no_469.jpg,Testing/notumor/Te-no_198.jpg,train,test,notumor,notumor,0,0,True,False
Training/notumor/Tr-no_469.jpg,Testing/notumor/Te-no_25.jpg,train,test,notumor,notumor,0,0,True,False
Training/notumor/Tr-no_469.jpg,Testing/notumor/Te-no_336.jpg,train,test,notumor,notumor,0,1,True,False
Training/notumor/Tr-no_469.jpg,Testing/notumor/Te-no_85.jpg,train,test,notumor,notumor,0,0,True,False
Training/notumor/Tr-no_469.jpg,Testing/notumor/Te-no_90.jpg,train,test,notumor,notumor,0,0,True,False
Training/notumor/Tr-no_470.jpg,Testing/notumor/Te-no_198.jpg,train,test,notumor,notumor,0,0,True,False
Training/notumor/Tr-no_470.jpg,Testing/notumor/Te-no_25.jpg,train,test,notumor,notumor,0,0,True,False
Training/notumor/Tr-no_470.jpg,Testing/notumor/Te-no_336.jpg,train,test,notumor,notumor,0,1,True,False
Training/notumor/Tr-no_470.jpg,Testing/notumor/Te-no_85.jpg,train,test,notumor,notumor,0,0,True,False
Training/notumor/Tr-no_470.jpg,Testing/notumor/Te-no_90.jpg,train,test,notumor,notumor,0,0,True,False
Training/notumor/Tr-no_473.jpg,Testing/notumor/Te-no_120.jpg,train,test,notumor,notumor,2,0,True,False
Training/notumor/Tr-no_473.jpg,Testing/notumor/Te-no_399.jpg,train,test,notumor,notumor,4,0,True,False
Training/notumor/Tr-no_475.jpg,Testing/notumor/Te-no_295.jpg,train,test,notumor,notumor,0,0,True,False
Training/notumor/Tr-no_476.jpg,Testing/notumor/Te-no_125.jpg,train,test,notumor,notumor,0,2,True,False
Training/notumor/Tr-no_476.jpg,Testing/notumor/Te-no_33.jpg,train,test,notumor,notumor,0,3,True,False
Training/notumor/Tr-no_480.jpg,Testing/notumor/Te-no_110.jpg,train,test,notumor,notumor,0,0,True,False
Training/notumor/Tr-no_480.jpg,Testing/notumor/Te-no_342.jpg,train,test,notumor,notumor,0,0,True,False
Training/notumor/Tr-no_488.jpg,Testing/notumor/Te-no_11.jpg,train,test,notumor,notumor,0,1,True,False
Training/notumor/Tr-no_49.jpg,Testing/notumor/Te-no_316.jpg,train,test,notumor,notumor,0,0,True,False
Training/notumor/Tr-no_491.jpg,Testing/notumor/Te-no_17.jpg,train,test,notumor,notumor,0,1,True,False
Training/notumor/Tr-no_495.jpg,Testing/notumor/Te-no_152.jpg,train,test,notumor,notumor,0,0,True,False
Training/notumor/Tr-no_497.jpg,Testing/notumor/Te-no_139.jpg,train,test,notumor,notumor,32,0,True,False
Training/notumor/Tr-no_497.jpg,Testing/notumor/Te-no_296.jpg,train,test,notumor,notumor,0,0,True,False
Training/notumor/Tr-no_497.jpg,Testing/notumor/Te-no_360.jpg,train,test,notumor,notumor,0,0,True,False
Training/notumor/Tr-no_498.jpg,Testing/notumor/Te-no_265.jpg,train,test,notumor,notumor,0,1,True,False
Training/notumor/Tr-no_499.jpg,Testing/notumor/Te-no_24.jpg,train,test,notumor,notumor,0,2,True,False
Training/notumor/Tr-no_499.jpg,Testing/notumor/Te-no_396.jpg,train,test,notumor,notumor,0,2,True,False
Training/notumor/Tr-no_5.jpg,Testing/notumor/Te-no_113.jpg,train,test,notumor,notumor,34,0,True,False
Training/notumor/Tr-no_5.jpg,Testing/notumor/Te-no_140.jpg,train,test,notumor,notumor,2,0,True,False
Training/notumor/Tr-no_5.jpg,Testing/notumor/Te-no_189.jpg,train,test,notumor,notumor,30,0,True,False
Training/notumor/Tr-no_5.jpg,Testing/notumor/Te-no_209.jpg,train,test,notumor,notumor,34,0,True,False
Training/notumor/Tr-no_5.jpg,Testing/notumor/Te-no_260.jpg,train,test,notumor,notumor,32,0,True,False
Training/notumor/Tr-no_5.jpg,Testing/notumor/Te-no_271.jpg,train,test,notumor,notumor,32,0,True,False
Training/notumor/Tr-no_5.jpg,Testing/notumor/Te-no_275.jpg,train,test,notumor,notumor,32,0,True,False
Training/notumor/Tr-no_5.jpg,Testing/notumor/Te-no_334.jpg,train,test,notumor,notumor,34,0,True,False
Training/notumor/Tr-no_5.jpg,Testing/notumor/Te-no_351.jpg,train,test,notumor,notumor,28,0,True,False
Training/notumor/Tr-no_5.jpg,Testing/notumor/Te-no_388.jpg,train,test,notumor,notumor,0,0,True,False
Training/notumor/Tr-no_50.jpg,Testing/notumor/Te-no_242.jpg,train,test,notumor,notumor,2,0,True,False
Training/notumor/Tr-no_50.jpg,Testing/notumor/Te-no_266.jpg,train,test,notumor,notumor,0,1,True,False
Training/notumor/Tr-no_500.jpg,Testing/notumor/Te-no_216.jpg,train,test,notumor,notumor,0,0,True,False
Training/notumor/Tr-no_501.jpg,Testing/notumor/Te-no_250.jpg,train,test,notumor,notumor,0,0,True,False
Training/notumor/Tr-no_504.jpg,Testing/notumor/Te-no_102.jpg,train,test,notumor,notumor,0,0,True,False
Training/notumor/Tr-no_504.jpg,Testing/notumor/Te-no_12.jpg,train,test,notumor,notumor,0,1,True,False
Training/notumor/Tr-no_508.jpg,Testing/notumor/Te-no_339.jpg,train,test,notumor,notumor,0,0,True,False
Training/notumor/Tr-no_514.jpg,Testing/notumor/Te-no_383.jpg,train,test,notumor,notumor,0,2,True,False
Training/notumor/Tr-no_517.jpg,Testing/notumor/Te-no_183.jpg,train,test,notumor,notumor,2,0,True,False
Training/notumor/Tr-no_521.jpg,Testing/notumor/Te-no_139.jpg,train,test,notumor,notumor,0,0,True,False
Training/notumor/Tr-no_521.jpg,Testing/notumor/Te-no_296.jpg,train,test,notumor,notumor,32,0,True,False
Training/notumor/Tr-no_521.jpg,Testing/notumor/Te-no_360.jpg,train,test,notumor,notumor,32,0,True,False
Training/notumor/Tr-no_528.jpg,Testing/notumor/Te-no_55.jpg,train,test,notumor,notumor,2,0,True,False
Training/notumor/Tr-no_529.jpg,Testing/notumor/Te-no_139.jpg,train,test,notumor,notumor,32,0,True,False
Training/notumor/Tr-no_529.jpg,Testing/notumor/Te-no_296.jpg,train,test,notumor,notumor,4,0,True,False
Training/notumor/Tr-no_529.jpg,Testing/notumor/Te-no_360.jpg,train,test,notumor,notumor,4,0,True,False
Training/notumor/Tr-no_53.jpg,Testing/notumor/Te-no_118.jpg,train,test,notumor,notumor,0,0,True,False
Training/notumor/Tr-no_53.jpg,Testing/notumor/Te-no_158.jpg,train,test,notumor,notumor,30,0,True,False
Training/notumor/Tr-no_53.jpg,Testing/notumor/Te-no_171.jpg,train,test,notumor,notumor,30,0,True,False
Training/notumor/Tr-no_53.jpg,Testing/notumor/Te-no_262.jpg,train,test,notumor,notumor,34,0,True,False
Training/notumor/Tr-no_53.jpg,Testing/notumor/Te-no_397.jpg,train,test,notumor,notumor,30,0,True,False
Training/notumor/Tr-no_53.jpg,Testing/notumor/Te-no_44.jpg,train,test,notumor,notumor,0,0,True,False
Training/notumor/Tr-no_530.jpg,Testing/notumor/Te-no_70.jpg,train,test,notumor,notumor,0,0,True,False
Training/notumor/Tr-no_538.jpg,Testing/notumor/Te-no_163.jpg,train,test,notumor,notumor,0,0,True,False
Training/notumor/Tr-no_538.jpg,Testing/notumor/Te-no_285.jpg,train,test,notumor,notumor,0,1,True,False
Training/notumor/Tr-no_538.jpg,Testing/notumor/Te-no_344.jpg,train,test,notumor,notumor,0,1,True,False
Training/notumor/Tr-no_538.jpg,Testing/notumor/Te-no_372.jpg,train,test,notumor,notumor,0,0,True,False
Training/notumor/Tr-no_538.jpg,Testing/notumor/Te-no_391.jpg,train,test,notumor,notumor,0,0,True,False
Training/notumor/Tr-no_540.jpg,Testing/notumor/Te-no_135.jpg,train,test,notumor,notumor,0,7,True,False
Training/notumor/Tr-no_544.jpg,Testing/notumor/Te-no_385.jpg,train,test,notumor,notumor,0,0,True,False
Training/notumor/Tr-no_548.jpg,Testing/notumor/Te-no_210.jpg,train,test,notumor,notumor,4,0,True,False
Training/notumor/Tr-no_549.jpg,Testing/notumor/Te-no_155.jpg,train,test,notumor,notumor,0,0,True,False
Training/notumor/Tr-no_549.jpg,Testing/notumor/Te-no_32.jpg,train,test,notumor,notumor,0,0,True,False
Training/notumor/Tr-no_550.jpg,Testing/notumor/Te-no_332.jpg,train,test,notumor,notumor,0,0,True,False
Training/notumor/Tr-no_554.jpg,Testing/notumor/Te-no_263.jpg,train,test,notumor,notumor,2,0,True,False
Training/notumor/Tr-no_554.jpg,Testing/notumor/Te-no_294.jpg,train,test,notumor,notumor,0,0,True,False
Training/notumor/Tr-no_554.jpg,Testing/notumor/Te-no_318.jpg,train,test,notumor,notumor,2,0,True,False
Training/notumor/Tr-no_558.jpg,Testing/notumor/Te-no_243.jpg,train,test,notumor,notumor,2,0,True,False
Training/notumor/Tr-no_559.jpg,Testing/notumor/Te-no_61.jpg,train,test,notumor,notumor,0,1,True,False
Training/notumor/Tr-no_560.jpg,Testing/notumor/Te-no_221.jpg,train,test,notumor,notumor,2,0,True,False
Training/notumor/Tr-no_561.jpg,Testing/notumor/Te-no_197.jpg,train,test,notumor,notumor,0,0,True,False
Training/notumor/Tr-no_561.jpg,Testing/notumor/Te-no_353.jpg,train,test,notumor,notumor,0,0,True,False
Training/notumor/Tr-no_563.jpg,Testing/notumor/Te-no_356.jpg,train,test,notumor,notumor,0,0,True,False
Training/notumor/Tr-no_564.jpg,Testing/notumor/Te-no_14.jpg,train,test,notumor,notumor,2,0,True,False
Training/notumor/Tr-no_564.jpg,Testing/notumor/Te-no_222.jpg,train,test,notumor,notumor,0,0,True,False
Training/notumor/Tr-no_566.jpg,Testing/notumor/Te-no_384.jpg,train,test,notumor,notumor,2,0,True,False
Training/notumor/Tr-no_566.jpg,Testing/notumor/Te-no_6.jpg,train,test,notumor,notumor,2,0,True,False
Training/notumor/Tr-no_570.jpg,Testing/notumor/Te-no_136.jpg,train,test,notumor,notumor,0,4,True,False
Training/notumor/Tr-no_570.jpg,Testing/notumor/Te-no_267.jpg,train,test,notumor,notumor,0,1,True,False
Training/notumor/Tr-no_571.jpg,Testing/notumor/Te-no_385.jpg,train,test,notumor,notumor,0,1,True,False
Training/notumor/Tr-no_572.jpg,Testing/notumor/Te-no_316.jpg,train,test,notumor,notumor,0,1,True,False
Training/notumor/Tr-no_573.jpg,Testing/notumor/Te-no_178.jpg,train,test,notumor,notumor,0,1,True,False
Training/notumor/Tr-no_583.jpg,Testing/notumor/Te-no_139.jpg,train,test,notumor,notumor,0,0,True,False
Training/notumor/Tr-no_583.jpg,Testing/notumor/Te-no_296.jpg,train,test,notumor,notumor,32,0,True,False
Training/notumor/Tr-no_583.jpg,Testing/notumor/Te-no_360.jpg,train,test,notumor,notumor,32,0,True,False
Training/notumor/Tr-no_585.jpg,Testing/notumor/Te-no_127.jpg,train,test,notumor,notumor,2,0,True,False
Training/notumor/Tr-no_585.jpg,Testing/notumor/Te-no_357.jpg,train,test,notumor,notumor,0,0,True,False
Training/notumor/Tr-no_586.jpg,Testing/notumor/Te-no_358.jpg,train,test,notumor,notumor,0,0,True,False
Training/notumor/Tr-no_587.jpg,Testing/notumor/Te-no_169.jpg,train,test,notumor,notumor,0,1,True,False
Training/notumor/Tr-no_595.jpg,Testing/notumor/Te-no_392.jpg,train,test,notumor,notumor,0,2,True,False
Training/notumor/Tr-no_597.jpg,Testing/notumor/Te-no_392.jpg,train,test,notumor,notumor,0,2,True,False
Training/notumor/Tr-no_60.jpg,Testing/notumor/Te-no_115.jpg,train,test,notumor,notumor,2,0,True,False
Training/notumor/Tr-no_60.jpg,Testing/notumor/Te-no_304.jpg,train,test,notumor,notumor,0,0,True,False
Training/notumor/Tr-no_600.jpg,Testing/notumor/Te-no_163.jpg,train,test,notumor,notumor,0,1,True,False
Training/notumor/Tr-no_600.jpg,Testing/notumor/Te-no_285.jpg,train,test,notumor,notumor,0,0,True,False
Training/notumor/Tr-no_600.jpg,Testing/notumor/Te-no_344.jpg,train,test,notumor,notumor,0,0,True,False
Training/notumor/Tr-no_600.jpg,Testing/notumor/Te-no_372.jpg,train,test,notumor,notumor,0,1,True,False
Training/notumor/Tr-no_600.jpg,Testing/notumor/Te-no_391.jpg,train,test,notumor,notumor,0,1,True,False
Training/notumor/Tr-no_603.jpg,Testing/notumor/Te-no_371.jpg,train,test,notumor,notumor,0,2,True,False
Training/notumor/Tr-no_604.jpg,Testing/notumor/Te-no_82.jpg,train,test,notumor,notumor,0,0,True,False
Training/notumor/Tr-no_609.jpg,Testing/notumor/Te-no_143.jpg,train,test,notumor,notumor,0,1,True,False
Training/notumor/Tr-no_61.jpg,Testing/notumor/Te-no_281.jpg,train,test,notumor,notumor,0,0,True,False
Training/notumor/Tr-no_611.jpg,Testing/notumor/Te-no_113.jpg,train,test,notumor,notumor,30,0,True,False
Training/notumor/Tr-no_611.jpg,Testing/notumor/Te-no_140.jpg,train,test,notumor,notumor,32,0,True,False
Training/notumor/Tr-no_611.jpg,Testing/notumor/Te-no_189.jpg,train,test,notumor,notumor,2,0,True,False
Training/notumor/Tr-no_611.jpg,Testing/notumor/Te-no_209.jpg,train,test,notumor,notumor,30,0,True,False
Training/notumor/Tr-no_611.jpg,Testing/notumor/Te-no_260.jpg,train,test,notumor,notumor,0,0,True,False
Training/notumor/Tr-no_611.jpg,Testing/notumor/Te-no_271.jpg,train,test,notumor,notumor,0,0,True,False
Training/notumor/Tr-no_611.jpg,Testing/notumor/Te-no_275.jpg,train,test,notumor,notumor,0,0,True,False
Training/notumor/Tr-no_611.jpg,Testing/notumor/Te-no_334.jpg,train,test,notumor,notumor,30,0,True,False
Training/notumor/Tr-no_611.jpg,Testing/notumor/Te-no_351.jpg,train,test,notumor,notumor,34,0,True,False
Training/notumor/Tr-no_611.jpg,Testing/notumor/Te-no_388.jpg,train,test,notumor,notumor,32,0,True,False
Training/notumor/Tr-no_614.jpg,Testing/notumor/Te-no_81.jpg,train,test,notumor,notumor,0,4,True,False
Training/notumor/Tr-no_618.jpg,Testing/notumor/Te-no_273.jpg,train,test,notumor,notumor,2,0,True,False
Training/notumor/Tr-no_620.jpg,Testing/notumor/Te-no_61.jpg,train,test,notumor,notumor,0,0,True,False
Training/notumor/Tr-no_621.jpg,Testing/notumor/Te-no_210.jpg,train,test,notumor,notumor,2,0,True,False
Training/notumor/Tr-no_622.jpg,Testing/notumor/Te-no_285.jpg,train,test,notumor,notumor,2,0,True,False
Training/notumor/Tr-no_622.jpg,Testing/notumor/Te-no_344.jpg,train,test,notumor,notumor,2,0,True,False
Training/notumor/Tr-no_624.jpg,Testing/notumor/Te-no_118.jpg,train,test,notumor,notumor,32,0,True,False
Training/notumor/Tr-no_624.jpg,Testing/notumor/Te-no_158.jpg,train,test,notumor,notumor,6,0,True,False
Training/notumor/Tr-no_624.jpg,Testing/notumor/Te-no_171.jpg,train,test,notumor,notumor,6,0,True,False
Training/notumor/Tr-no_624.jpg,Testing/notumor/Te-no_262.jpg,train,test,notumor,notumor,6,0,True,False
Training/notumor/Tr-no_624.jpg,Testing/notumor/Te-no_397.jpg,train,test,notumor,notumor,6,0,True,False
Training/notumor/Tr-no_624.jpg,Testing/notumor/Te-no_44.jpg,train,test,notumor,notumor,32,0,True,False
Training/notumor/Tr-no_626.jpg,Testing/notumor/Te-no_166.jpg,train,test,notumor,notumor,2,0,True,False
Training/notumor/Tr-no_626.jpg,Testing/notumor/Te-no_74.jpg,train,test,notumor,notumor,2,0,True,False
Training/notumor/Tr-no_628.jpg,Testing/notumor/Te-no_161.jpg,train,test,notumor,notumor,0,0,True,False
Training/notumor/Tr-no_628.jpg,Testing/notumor/Te-no_329.jpg,train,test,notumor,notumor,0,0,True,False
Training/notumor/Tr-no_628.jpg,Testing/notumor/Te-no_71.jpg,train,test,notumor,notumor,0,1,True,False
Training/notumor/Tr-no_631.jpg,Testing/notumor/Te-no_257.jpg,train,test,notumor,notumor,0,0,True,False
Training/notumor/Tr-no_635.jpg,Testing/notumor/Te-no_95.jpg,train,test,notumor,notumor,0,2,True,False
Training/notumor/Tr-no_637.jpg,Testing/notumor/Te-no_339.jpg,train,test,notumor,notumor,0,0,True,False
Training/notumor/Tr-no_64.jpg,Testing/notumor/Te-no_165.jpg,train,test,notumor,notumor,0,4,True,False
Training/notumor/Tr-no_64.jpg,Testing/notumor/Te-no_34.jpg,train,test,notumor,notumor,0,3,True,False
Training/notumor/Tr-no_641.jpg,Testing/notumor/Te-no_310.jpg,train,test,notumor,notumor,0,0,True,False
Training/notumor/Tr-no_643.jpg,Testing/notumor/Te-no_11.jpg,train,test,notumor,notumor,2,0,True,False
Training/notumor/Tr-no_645.jpg,Testing/notumor/Te-no_201.jpg,train,test,notumor,notumor,0,0,True,False
Training/notumor/Tr-no_645.jpg,Testing/notumor/Te-no_36.jpg,train,test,notumor,notumor,2,0,True,False
Training/notumor/Tr-no_651.jpg,Testing/notumor/Te-no_24.jpg,train,test,notumor,notumor,0,3,True,False
Training/notumor/Tr-no_651.jpg,Testing/notumor/Te-no_396.jpg,train,test,notumor,notumor,0,1,True,False
Training/notumor/Tr-no_651.jpg,Testing/notumor/Te-no_71.jpg,train,test,notumor,notumor,2,0,True,False
Training/notumor/Tr-no_652.jpg,Testing/notumor/Te-no_8.jpg,train,test,notumor,notumor,2,0,True,False
Training/notumor/Tr-no_655.jpg,Testing/notumor/Te-no_245.jpg,train,test,notumor,notumor,0,0,True,False
Training/notumor/Tr-no_659.jpg,Testing/notumor/Te-no_45.jpg,train,test,notumor,notumor,0,2,True,False
Training/notumor/Tr-no_66.jpg,Testing/notumor/Te-no_118.jpg,train,test,notumor,notumor,0,0,True,False
Training/notumor/Tr-no_66.jpg,Testing/notumor/Te-no_158.jpg,train,test,notumor,notumor,30,0,True,False
Training/notumor/Tr-no_66.jpg,Testing/notumor/Te-no_171.jpg,train,test,notumor,notumor,30,0,True,False
Training/notumor/Tr-no_66.jpg,Testing/notumor/Te-no_262.jpg,train,test,notumor,notumor,34,0,True,False
Training/notumor/Tr-no_66.jpg,Testing/notumor/Te-no_397.jpg,train,test,notumor,notumor,30,0,True,False
Training/notumor/Tr-no_66.jpg,Testing/notumor/Te-no_44.jpg,train,test,notumor,notumor,0,0,True,False
Training/notumor/Tr-no_663.jpg,Testing/notumor/Te-no_333.jpg,train,test,notumor,notumor,0,1,True,False
Training/notumor/Tr-no_665.jpg,Testing/notumor/Te-no_166.jpg,train,test,notumor,notumor,2,0,True,False
Training/notumor/Tr-no_665.jpg,Testing/notumor/Te-no_74.jpg,train,test,notumor,notumor,2,0,True,False
Training/notumor/Tr-no_666.jpg,Testing/notumor/Te-no_314.jpg,train,test,notumor,notumor,0,2,True,False
Training/notumor/Tr-no_667.jpg,Testing/notumor/Te-no_96.jpg,train,test,notumor,notumor,2,0,True,False
Training/notumor/Tr-no_673.jpg,Testing/notumor/Te-no_330.jpg,train,test,notumor,notumor,0,0,True,False
Training/notumor/Tr-no_675.jpg,Testing/notumor/Te-no_163.jpg,train,test,notumor,notumor,0,0,True,False
Training/notumor/Tr-no_675.jpg,Testing/notumor/Te-no_285.jpg,train,test,notumor,notumor,0,1,True,False
Training/notumor/Tr-no_675.jpg,Testing/notumor/Te-no_344.jpg,train,test,notumor,notumor,0,1,True,False
Training/notumor/Tr-no_675.jpg,Testing/notumor/Te-no_372.jpg,train,test,notumor,notumor,0,0,True,False
Training/notumor/Tr-no_675.jpg,Testing/notumor/Te-no_391.jpg,train,test,notumor,notumor,0,0,True,False
Training/notumor/Tr-no_68.jpg,Testing/notumor/Te-no_107.jpg,train,test,notumor,notumor,0,0,True,False
Training/notumor/Tr-no_683.jpg,Testing/notumor/Te-no_86.jpg,train,test,notumor,notumor,2,0,True,False
Training/notumor/Tr-no_687.jpg,Testing/notumor/Te-no_228.jpg,train,test,notumor,notumor,0,0,True,False
Training/notumor/Tr-no_690.jpg,Testing/notumor/Te-no_338.jpg,train,test,notumor,notumor,0,0,True,False
Training/notumor/Tr-no_693.jpg,Testing/notumor/Te-no_113.jpg,train,test,notumor,notumor,34,0,True,False
Training/notumor/Tr-no_693.jpg,Testing/notumor/Te-no_140.jpg,train,test,notumor,notumor,2,0,True,False
Training/notumor/Tr-no_693.jpg,Testing/notumor/Te-no_189.jpg,train,test,notumor,notumor,30,0,True,False
Training/notumor/Tr-no_693.jpg,Testing/notumor/Te-no_209.jpg,train,test,notumor,notumor,34,0,True,False
Training/notumor/Tr-no_693.jpg,Testing/notumor/Te-no_260.jpg,train,test,notumor,notumor,32,0,True,False
Training/notumor/Tr-no_693.jpg,Testing/notumor/Te-no_271.jpg,train,test,notumor,notumor,32,0,True,False
Training/notumor/Tr-no_693.jpg,Testing/notumor/Te-no_275.jpg,train,test,notumor,notumor,32,0,True,False
Training/notumor/Tr-no_693.jpg,Testing/notumor/Te-no_334.jpg,train,test,notumor,notumor,34,0,True,False
Training/notumor/Tr-no_693.jpg,Testing/notumor/Te-no_351.jpg,train,test,notumor,notumor,28,0,True,False
Training/notumor/Tr-no_693.jpg,Testing/notumor/Te-no_388.jpg,train,test,notumor,notumor,0,0,True,False
Training/notumor/Tr-no_694.jpg,Testing/notumor/Te-no_14.jpg,train,test,notumor,notumor,2,0,True,False
Training/notumor/Tr-no_694.jpg,Testing/notumor/Te-no_222.jpg,train,test,notumor,notumor,0,0,True,False
Training/notumor/Tr-no_696.jpg,Testing/notumor/Te-no_169.jpg,train,test,notumor,notumor,0,0,True,False
Training/notumor/Tr-no_701.jpg,Testing/notumor/Te-no_295.jpg,train,test,notumor,notumor,0,0,True,False
Training/notumor/Tr-no_704.jpg,Testing/notumor/Te-no_198.jpg,train,test,notumor,notumor,0,2,True,False
Training/notumor/Tr-no_704.jpg,Testing/notumor/Te-no_25.jpg,train,test,notumor,notumor,0,2,True,False
Training/notumor/Tr-no_704.jpg,Testing/notumor/Te-no_336.jpg,train,test,notumor,notumor,0,1,True,False
Training/notumor/Tr-no_704.jpg,Testing/notumor/Te-no_85.jpg,train,test,notumor,notumor,0,2,True,False
Training/notumor/Tr-no_704.jpg,Testing/notumor/Te-no_90.jpg,train,test,notumor,notumor,0,2,True,False
Training/notumor/Tr-no_709.jpg,Testing/notumor/Te-no_113.jpg,train,test,notumor,notumor,30,0,True,False
Training/notumor/Tr-no_709.jpg,Testing/notumor/Te-no_140.jpg,train,test,notumor,notumor,32,0,True,False
Training/notumor/Tr-no_709.jpg,Testing/notumor/Te-no_189.jpg,train,test,notumor,notumor,2,0,True,False
Training/notumor/Tr-no_709.jpg,Testing/notumor/Te-no_209.jpg,train,test,notumor,notumor,30,0,True,False
Training/notumor/Tr-no_709.jpg,Testing/notumor/Te-no_260.jpg,train,test,notumor,notumor,2,0,True,False
Training/notumor/Tr-no_709.jpg,Testing/notumor/Te-no_271.jpg,train,test,notumor,notumor,2,0,True,False
Training/notumor/Tr-no_709.jpg,Testing/notumor/Te-no_275.jpg,train,test,notumor,notumor,2,0,True,False
Training/notumor/Tr-no_709.jpg,Testing/notumor/Te-no_334.jpg,train,test,notumor,notumor,30,0,True,False
Training/notumor/Tr-no_709.jpg,Testing/notumor/Te-no_351.jpg,train,test,notumor,notumor,32,0,True,False
Training/notumor/Tr-no_709.jpg,Testing/notumor/Te-no_388.jpg,train,test,notumor,notumor,30,0,True,False
Training/notumor/Tr-no_713.jpg,Testing/notumor/Te-no_84.jpg,train,test,notumor,notumor,0,0,True,False
Training/notumor/Tr-no_714.jpg,Testing/notumor/Te-no_135.jpg,train,test,notumor,notumor,0,0,True,False
Training/notumor/Tr-no_715.jpg,Testing/notumor/Te-no_163.jpg,train,test,notumor,notumor,0,1,True,False
Training/notumor/Tr-no_715.jpg,Testing/notumor/Te-no_285.jpg,train,test,notumor,notumor,0,0,True,False
Training/notumor/Tr-no_715.jpg,Testing/notumor/Te-no_344.jpg,train,test,notumor,notumor,0,0,True,False
Training/notumor/Tr-no_715.jpg,Testing/notumor/Te-no_372.jpg,train,test,notumor,notumor,0,1,True,False
Training/notumor/Tr-no_715.jpg,Testing/notumor/Te-no_391.jpg,train,test,notumor,notumor,0,1,True,False
Training/notumor/Tr-no_716.jpg,Testing/notumor/Te-no_24.jpg,train,test,notumor,notumor,0,3,True,False
Training/notumor/Tr-no_716.jpg,Testing/notumor/Te-no_396.jpg,train,test,notumor,notumor,0,3,True,False
Training/notumor/Tr-no_717.jpg,Testing/notumor/Te-no_82.jpg,train,test,notumor,notumor,0,0,True,False
Training/notumor/Tr-no_72.jpg,Testing/notumor/Te-no_290.jpg,train,test,notumor,notumor,0,0,True,False
Training/notumor/Tr-no_720.jpg,Testing/notumor/Te-no_24.jpg,train,test,notumor,notumor,0,2,True,False
Training/notumor/Tr-no_720.jpg,Testing/notumor/Te-no_396.jpg,train,test,notumor,notumor,0,2,True,False
Training/notumor/Tr-no_721.jpg,Testing/notumor/Te-no_145.jpg,train,test,notumor,notumor,2,0,True,False
Training/notumor/Tr-no_723.jpg,Testing/notumor/Te-no_135.jpg,train,test,notumor,notumor,0,0,True,False
Training/notumor/Tr-no_725.jpg,Testing/notumor/Te-no_134.jpg,train,test,notumor,notumor,0,0,True,False
Training/notumor/Tr-no_725.jpg,Testing/notumor/Te-no_58.jpg,train,test,notumor,notumor,0,0,True,False
Training/notumor/Tr-no_730.jpg,Testing/notumor/Te-no_220.jpg,train,test,notumor,notumor,2,0,True,False
Training/notumor/Tr-no_734.jpg,Testing/notumor/Te-no_24.jpg,train,test,notumor,notumor,0,2,True,False
Training/notumor/Tr-no_734.jpg,Testing/notumor/Te-no_396.jpg,train,test,notumor,notumor,0,2,True,False
Training/notumor/Tr-no_735.jpg,Testing/notumor/Te-no_35.jpg,train,test,notumor,notumor,0,0,True,False
Training/notumor/Tr-no_739.jpg,Testing/notumor/Te-no_188.jpg,train,test,notumor,notumor,2,0,True,False
Training/notumor/Tr-no_740.jpg,Testing/notumor/Te-no_243.jpg,train,test,notumor,notumor,2,0,True,False
Training/notumor/Tr-no_742.jpg,Testing/notumor/Te-no_37.jpg,train,test,notumor,notumor,0,1,True,False
Training/notumor/Tr-no_742.jpg,Testing/notumor/Te-no_73.jpg,train,test,notumor,notumor,0,1,True,False
Training/notumor/Tr-no_748.jpg,Testing/notumor/Te-no_281.jpg,train,test,notumor,notumor,0,0,True,False
Training/notumor/Tr-no_751.jpg,Testing/notumor/Te-no_145.jpg,train,test,notumor,notumor,0,0,True,False
Training/notumor/Tr-no_753.jpg,Testing/notumor/Te-no_135.jpg,train,test,notumor,notumor,0,7,True,False
Training/notumor/Tr-no_759.jpg,Testing/notumor/Te-no_170.jpg,train,test,notumor,notumor,2,0,True,False
Training/notumor/Tr-no_759.jpg,Testing/notumor/Te-no_207.jpg,train,test,notumor,notumor,2,0,True,False
Training/notumor/Tr-no_760.jpg,Testing/notumor/Te-no_315.jpg,train,test,notumor,notumor,0,0,True,False
Training/notumor/Tr-no_761.jpg,Testing/notumor/Te-no_236.jpg,train,test,notumor,notumor,0,0,True,False
Training/notumor/Tr-no_761.jpg,Testing/notumor/Te-no_345.jpg,train,test,notumor,notumor,0,1,True,False
Training/notumor/Tr-no_765.jpg,Testing/notumor/Te-no_169.jpg,train,test,notumor,notumor,2,0,True,False
Training/notumor/Tr-no_771.jpg,Testing/notumor/Te-no_175.jpg,train,test,notumor,notumor,0,2,True,False
Training/notumor/Tr-no_771.jpg,Testing/notumor/Te-no_327.jpg,train,test,notumor,notumor,0,0,True,False
Training/notumor/Tr-no_772.jpg,Testing/notumor/Te-no_198.jpg,train,test,notumor,notumor,0,0,True,False
Training/notumor/Tr-no_772.jpg,Testing/notumor/Te-no_25.jpg,train,test,notumor,notumor,0,0,True,False
Training/notumor/Tr-no_772.jpg,Testing/notumor/Te-no_336.jpg,train,test,notumor,notumor,0,1,True,False
Training/notumor/Tr-no_772.jpg,Testing/notumor/Te-no_85.jpg,train,test,notumor,notumor,0,0,True,False
Training/notumor/Tr-no_772.jpg,Testing/notumor/Te-no_90.jpg,train,test,notumor,notumor,0,0,True,False
Training/notumor/Tr-no_773.jpg,Testing/notumor/Te-no_118.jpg,train,test,notumor,notumor,0,0,True,False
Training/notumor/Tr-no_773.jpg,Testing/notumor/Te-no_158.jpg,train,test,notumor,notumor,30,0,True,False
Training/notumor/Tr-no_773.jpg,Testing/notumor/Te-no_171.jpg,train,test,notumor,notumor,30,0,True,False
Training/notumor/Tr-no_773.jpg,Testing/notumor/Te-no_262.jpg,train,test,notumor,notumor,34,0,True,False
Training/notumor/Tr-no_773.jpg,Testing/notumor/Te-no_397.jpg,train,test,notumor,notumor,30,0,True,False
Training/notumor/Tr-no_773.jpg,Testing/notumor/Te-no_44.jpg,train,test,notumor,notumor,0,0,True,False
Training/notumor/Tr-no_775.jpg,Testing/notumor/Te-no_289.jpg,train,test,notumor,notumor,0,0,True,False
Training/notumor/Tr-no_775.jpg,Testing/notumor/Te-no_350.jpg,train,test,notumor,notumor,0,0,True,False
Training/notumor/Tr-no_776.jpg,Testing/notumor/Te-no_139.jpg,train,test,notumor,notumor,4,0,True,False
Training/notumor/Tr-no_776.jpg,Testing/notumor/Te-no_296.jpg,train,test,notumor,notumor,34,0,True,False
Training/notumor/Tr-no_776.jpg,Testing/notumor/Te-no_360.jpg,train,test,notumor,notumor,34,0,True,False
Training/notumor/Tr-no_778.jpg,Testing/notumor/Te-no_120.jpg,train,test,notumor,notumor,2,0,True,False
Training/notumor/Tr-no_778.jpg,Testing/notumor/Te-no_399.jpg,train,test,notumor,notumor,4,0,True,False
Training/notumor/Tr-no_780.jpg,Testing/notumor/Te-no_139.jpg,train,test,notumor,notumor,32,0,True,False
Training/notumor/Tr-no_780.jpg,Testing/notumor/Te-no_296.jpg,train,test,notumor,notumor,0,0,True,False
Training/notumor/Tr-no_780.jpg,Testing/notumor/Te-no_360.jpg,train,test,notumor,notumor,0,0,True,False
Training/notumor/Tr-no_781.jpg,Testing/notumor/Te-no_61.jpg,train,test,notumor,notumor,0,0,True,False
Training/notumor/Tr-no_785.jpg,Testing/notumor/Te-no_174.jpg,train,test,notumor,notumor,0,0,True,False
Training/notumor/Tr-no_788.jpg,Testing/notumor/Te-no_165.jpg,train,test,notumor,notumor,0,2,True,False
Training/notumor/Tr-no_788.jpg,Testing/notumor/Te-no_34.jpg,train,test,notumor,notumor,0,1,True,False
Training/notumor/Tr-no_791.jpg,Testing/notumor/Te-no_120.jpg,train,test,notumor,notumor,2,0,True,False
Training/notumor/Tr-no_791.jpg,Testing/notumor/Te-no_399.jpg,train,test,notumor,notumor,0,0,True,False
Training/notumor/Tr-no_793.jpg,Testing/notumor/Te-no_219.jpg,train,test,notumor,notumor,2,0,True,False
Training/notumor/Tr-no_794.jpg,Testing/notumor/Te-no_180.jpg,train,test,notumor,notumor,4,0,True,False
Training/notumor/Tr-no_794.jpg,Testing/notumor/Te-no_72.jpg,train,test,notumor,notumor,2,0,True,False
Training/notumor/Tr-no_794.jpg,Testing/notumor/Te-no_88.jpg,train,test,notumor,notumor,2,0,True,False
Training/notumor/Tr-no_797.jpg,Testing/notumor/Te-no_180.jpg,train,test,notumor,notumor,2,0,True,False
Training/notumor/Tr-no_797.jpg,Testing/notumor/Te-no_379.jpg,train,test,notumor,notumor,0,2,True,False
Training/notumor/Tr-no_797.jpg,Testing/notumor/Te-no_72.jpg,train,test,notumor,notumor,2,0,True,False
Training/notumor/Tr-no_797.jpg,Testing/notumor/Te-no_88.jpg,train,test,notumor,notumor,0,0,True,False
Training/notumor/Tr-no_799.jpg,Testing/notumor/Te-no_242.jpg,train,test,notumor,notumor,0,0,True,False
Training/notumor/Tr-no_80.jpg,Testing/notumor/Te-no_48.jpg,train,test,notumor,notumor,0,1,True,False
Training/notumor/Tr-no_80.jpg,Testing/notumor/Te-no_69.jpg,train,test,notumor,notumor,0,0,True,False
Training/notumor/Tr-no_804.jpg,Testing/notumor/Te-no_231.jpg,train,test,notumor,notumor,0,0,True,False
Training/notumor/Tr-no_805.jpg,Testing/notumor/Te-no_332.jpg,train,test,notumor,notumor,6,0,True,False
Training/notumor/Tr-no_807.jpg,Testing/notumor/Te-no_142.jpg,train,test,notumor,notumor,2,0,True,False
Training/notumor/Tr-no_807.jpg,Testing/notumor/Te-no_173.jpg,train,test,notumor,notumor,2,0,True,False
Training/notumor/Tr-no_808.jpg,Testing/notumor/Te-no_43.jpg,train,test,notumor,notumor,0,0,True,False
Training/notumor/Tr-no_81.jpg,Testing/notumor/Te-no_145.jpg,train,test,notumor,notumor,2,0,True,False
Training/notumor/Tr-no_811.jpg,Testing/notumor/Te-no_114.jpg,train,test,notumor,notumor,0,0,True,False
Training/notumor/Tr-no_82.jpg,Testing/notumor/Te-no_113.jpg,train,test,notumor,notumor,34,0,True,False
Training/notumor/Tr-no_82.jpg,Testing/notumor/Te-no_140.jpg,train,test,notumor,notumor,2,0,True,False
Training/notumor/Tr-no_82.jpg,Testing/notumor/Te-no_189.jpg,train,test,notumor,notumor,32,0,True,False
Training/notumor/Tr-no_82.jpg,Testing/notumor/Te-no_209.jpg,train,test,notumor,notumor,36,0,True,False
Training/notumor/Tr-no_82.jpg,Testing/notumor/Te-no_260.jpg,train,test,notumor,notumor,30,0,True,False
Training/notumor/Tr-no_82.jpg,Testing/notumor/Te-no_271.jpg,train,test,notumor,notumor,30,0,True,False
Training/notumor/Tr-no_82.jpg,Testing/notumor/Te-no_275.jpg,train,test,notumor,notumor,30,0,True,False
Training/notumor/Tr-no_82.jpg,Testing/notumor/Te-no_334.jpg,train,test,notumor,notumor,34,0,True,False
Training/notumor/Tr-no_82.jpg,Testing/notumor/Te-no_351.jpg,train,test,notumor,notumor,30,0,True,False
Training/notumor/Tr-no_82.jpg,Testing/notumor/Te-no_388.jpg,train,test,notumor,notumor,2,0,True,False
Training/notumor/Tr-no_821.jpg,Testing/notumor/Te-no_86.jpg,train,test,notumor,notumor,0,0,True,False
Training/notumor/Tr-no_825.jpg,Testing/notumor/Te-no_31.jpg,train,test,notumor,notumor,0,0,True,False
Training/notumor/Tr-no_83.jpg,Testing/notumor/Te-no_307.jpg,train,test,notumor,notumor,0,0,True,False
Training/notumor/Tr-no_830.jpg,Testing/notumor/Te-no_51.jpg,train,test,notumor,notumor,0,0,True,False
Training/notumor/Tr-no_832.jpg,Testing/notumor/Te-no_121.jpg,train,test,notumor,notumor,0,0,True,False
Training/notumor/Tr-no_835.jpg,Testing/notumor/Te-no_164.jpg,train,test,notumor,notumor,0,0,True,False
Training/notumor/Tr-no_835.jpg,Testing/notumor/Te-no_349.jpg,train,test,notumor,notumor,0,0,True,False
Training/notumor/Tr-no_835.jpg,Testing/notumor/Te-no_66.jpg,train,test,notumor,notumor,0,0,True,False
Training/notumor/Tr-no_838.jpg,Testing/notumor/Te-no_133.jpg,train,test,notumor,notumor,0,0,True,False
Training/notumor/Tr-no_838.jpg,Testing/notumor/Te-no_60.jpg,train,test,notumor,notumor,0,0,True,False
Training/notumor/Tr-no_839.jpg,Testing/notumor/Te-no_24.jpg,train,test,notumor,notumor,0,2,True,False
Training/notumor/Tr-no_839.jpg,Testing/notumor/Te-no_396.jpg,train,test,notumor,notumor,0,2,True,False
Training/notumor/Tr-no_841.jpg,Testing/notumor/Te-no_61.jpg,train,test,notumor,notumor,0,1,True,False
Training/notumor/Tr-no_845.jpg,Testing/notumor/Te-no_325.jpg,train,test,notumor,notumor,0,0,True,False
Training/notumor/Tr-no_848.jpg,Testing/notumor/Te-no_362.jpg,train,test,notumor,notumor,0,0,True,False
Training/notumor/Tr-no_85.jpg,Testing/notumor/Te-no_138.jpg,train,test,notumor,notumor,0,1,True,False
Training/notumor/Tr-no_851.jpg,Testing/notumor/Te-no_321.jpg,train,test,notumor,notumor,0,0,True,False
Training/notumor/Tr-no_852.jpg,Testing/notumor/Te-no_175.jpg,train,test,notumor,notumor,0,1,True,False
Training/notumor/Tr-no_852.jpg,Testing/notumor/Te-no_327.jpg,train,test,notumor,notumor,0,1,True,False
Training/notumor/Tr-no_855.jpg,Testing/notumor/Te-no_324.jpg,train,test,notumor,notumor,0,0,True,False
Training/notumor/Tr-no_859.jpg,Testing/notumor/Te-no_95.jpg,train,test,notumor,notumor,2,0,True,False
Training/notumor/Tr-no_867.jpg,Testing/notumor/Te-no_295.jpg,train,test,notumor,notumor,0,0,True,False
Training/notumor/Tr-no_87.jpg,Testing/notumor/Te-no_347.jpg,train,test,notumor,notumor,0,2,True,False
Training/notumor/Tr-no_870.jpg,Testing/notumor/Te-no_231.jpg,train,test,notumor,notumor,0,0,True,False
Training/notumor/Tr-no_873.jpg,Testing/notumor/Te-no_383.jpg,train,test,notumor,notumor,0,3,True,False
Training/notumor/Tr-no_876.jpg,Testing/notumor/Te-no_242.jpg,train,test,notumor,notumor,0,1,True,False
Training/notumor/Tr-no_876.jpg,Testing/notumor/Te-no_266.jpg,train,test,notumor,notumor,2,0,True,False
Training/notumor/Tr-no_878.jpg,Testing/notumor/Te-no_14.jpg,train,test,notumor,notumor,0,0,True,False
Training/notumor/Tr-no_878.jpg,Testing/notumor/Te-no_222.jpg,train,test,notumor,notumor,2,0,True,False
Training/notumor/Tr-no_88.jpg,Testing/notumor/Te-no_253.jpg,train,test,notumor,notumor,0,0,True,False
Training/notumor/Tr-no_883.jpg,Testing/notumor/Te-no_186.jpg,train,test,notumor,notumor,30,0,True,False
Training/notumor/Tr-no_885.jpg,Testing/notumor/Te-no_115.jpg,train,test,notumor,notumor,2,0,True,False
Training/notumor/Tr-no_885.jpg,Testing/notumor/Te-no_304.jpg,train,test,notumor,notumor,0,0,True,False
Training/notumor/Tr-no_888.jpg,Testing/notumor/Te-no_111.jpg,train,test,notumor,notumor,2,0,True,False
Training/notumor/Tr-no_888.jpg,Testing/notumor/Te-no_361.jpg,train,test,notumor,notumor,0,0,True,False
Training/notumor/Tr-no_888.jpg,Testing/notumor/Te-no_80.jpg,train,test,notumor,notumor,0,0,True,False
Training/notumor/Tr-no_889.jpg,Testing/notumor/Te-no_281.jpg,train,test,notumor,notumor,2,0,True,False
Training/notumor/Tr-no_89.jpg,Testing/notumor/Te-no_139.jpg,train,test,notumor,notumor,4,0,True,False
Training/notumor/Tr-no_89.jpg,Testing/notumor/Te-no_296.jpg,train,test,notumor,notumor,32,0,True,False
Training/notumor/Tr-no_89.jpg,Testing/notumor/Te-no_360.jpg,train,test,notumor,notumor,32,0,True,False
Training/notumor/Tr-no_890.jpg,Testing/notumor/Te-no_314.jpg,train,test,notumor,notumor,0,1,True,False
Training/notumor/Tr-no_891.jpg,Testing/notumor/Te-no_51.jpg,train,test,notumor,notumor,4,0,True,False
Training/notumor/Tr-no_892.jpg,Testing/notumor/Te-no_129.jpg,train,test,notumor,notumor,0,0,True,False
Training/notumor/Tr-no_892.jpg,Testing/notumor/Te-no_131.jpg,train,test,notumor,notumor,0,0,True,False
Training/notumor/Tr-no_892.jpg,Testing/notumor/Te-no_147.jpg,train,test,notumor,notumor,0,0,True,False
Training/notumor/Tr-no_892.jpg,Testing/notumor/Te-no_395.jpg,train,test,notumor,notumor,0,0,True,False
Training/notumor/Tr-no_896.jpg,Testing/notumor/Te-no_27.jpg,train,test,notumor,notumor,0,0,True,False
Training/notumor/Tr-no_896.jpg,Testing/notumor/Te-no_64.jpg,train,test,notumor,notumor,2,0,True,False
Training/notumor/Tr-no_898.jpg,Testing/notumor/Te-no_97.jpg,train,test,notumor,notumor,0,0,True,False
Training/notumor/Tr-no_903.jpg,Testing/notumor/Te-no_136.jpg,train,test,notumor,notumor,0,1,True,False
Training/notumor/Tr-no_903.jpg,Testing/notumor/Te-no_267.jpg,train,test,notumor,notumor,0,4,True,False
Training/notumor/Tr-no_904.jpg,Testing/notumor/Te-no_8.jpg,train,test,notumor,notumor,2,0,True,False
Training/notumor/Tr-no_910.jpg,Testing/notumor/Te-no_47.jpg,train,test,notumor,notumor,0,0,True,False
Training/notumor/Tr-no_914.jpg,Testing/notumor/Te-no_178.jpg,train,test,notumor,notumor,0,0,True,False
Training/notumor/Tr-no_916.jpg,Testing/notumor/Te-no_309.jpg,train,test,notumor,notumor,2,0,True,False
Training/notumor/Tr-no_921.jpg,Testing/notumor/Te-no_172.jpg,train,test,notumor,notumor,2,0,True,False
Training/notumor/Tr-no_924.jpg,Testing/notumor/Te-no_225.jpg,train,test,notumor,notumor,4,0,True,False
Training/notumor/Tr-no_928.jpg,Testing/notumor/Te-no_55.jpg,train,test,notumor,notumor,0,0,True,False
Training/notumor/Tr-no_929.jpg,Testing/notumor/Te-no_228.jpg,train,test,notumor,notumor,0,0,True,False
Training/notumor/Tr-no_936.jpg,Testing/notumor/Te-no_163.jpg,train,test,notumor,notumor,0,2,True,False
Training/notumor/Tr-no_936.jpg,Testing/notumor/Te-no_285.jpg,train,test,notumor,notumor,0,1,True,False
Training/notumor/Tr-no_936.jpg,Testing/notumor/Te-no_344.jpg,train,test,notumor,notumor,0,1,True,False
Training/notumor/Tr-no_936.jpg,Testing/notumor/Te-no_372.jpg,train,test,notumor,notumor,0,2,True,False
Training/notumor/Tr-no_936.jpg,Testing/notumor/Te-no_391.jpg,train,test,notumor,notumor,0,2,True,False
Training/notumor/Tr-no_937.jpg,Testing/notumor/Te-no_3.jpg,train,test,notumor,notumor,0,3,True,False
Training/notumor/Tr-no_937.jpg,Testing/notumor/Te-no_381.jpg,train,test,notumor,notumor,0,0,True,False
Training/notumor/Tr-no_939.jpg,Testing/notumor/Te-no_109.jpg,train,test,notumor,notumor,0,1,True,False
Training/notumor/Tr-no_943.jpg,Testing/notumor/Te-no_335.jpg,train,test,notumor,notumor,2,0,True,False
Training/notumor/Tr-no_947.jpg,Testing/notumor/Te-no_176.jpg,train,test,notumor,notumor,2,0,True,False
Training/notumor/Tr-no_947.jpg,Testing/notumor/Te-no_387.jpg,train,test,notumor,notumor,2,0,True,False
Training/notumor/Tr-no_948.jpg,Testing/notumor/Te-no_114.jpg,train,test,notumor,notumor,2,0,True,False
Training/notumor/Tr-no_950.jpg,Testing/notumor/Te-no_238.jpg,train,test,notumor,notumor,2,0,True,False
Training/notumor/Tr-no_952.jpg,Testing/notumor/Te-no_130.jpg,train,test,notumor,notumor,0,0,True,False
Training/notumor/Tr-no_953.jpg,Testing/notumor/Te-no_54.jpg,train,test,notumor,notumor,0,0,True,False
Training/notumor/Tr-no_955.jpg,Testing/notumor/Te-no_61.jpg,train,test,notumor,notumor,0,2,True,False
Training/notumor/Tr-no_958.jpg,Testing/notumor/Te-no_221.jpg,train,test,notumor,notumor,0,1,True,False
Training/notumor/Tr-no_96.jpg,Testing/notumor/Te-no_135.jpg,train,test,notumor,notumor,0,7,True,False
Training/notumor/Tr-no_966.jpg,Testing/notumor/Te-no_52.jpg,train,test,notumor,notumor,2,0,True,False
Training/notumor/Tr-no_968.jpg,Testing/notumor/Te-no_293.jpg,train,test,notumor,notumor,0,0,True,False
Training/notumor/Tr-no_970.jpg,Testing/notumor/Te-no_159.jpg,train,test,notumor,notumor,0,0,True,False
Training/notumor/Tr-no_971.jpg,Testing/notumor/Te-no_154.jpg,train,test,notumor,notumor,0,1,True,False
Training/notumor/Tr-no_974.jpg,Testing/notumor/Te-no_301.jpg,train,test,notumor,notumor,0,0,True,False
Training/notumor/Tr-no_974.jpg,Testing/notumor/Te-no_308.jpg,train,test,notumor,notumor,0,0,True,False
Training/notumor/Tr-no_981.jpg,Testing/notumor/Te-no_174.jpg,train,test,notumor,notumor,0,0,True,False
Training/notumor/Tr-no_984.jpg,Testing/notumor/Te-no_295.jpg,train,test,notumor,notumor,0,0,True,False
Training/notumor/Tr-no_986.jpg,Testing/notumor/Te-no_24.jpg,train,test,notumor,notumor,0,2,True,False
Training/notumor/Tr-no_986.jpg,Testing/notumor/Te-no_396.jpg,train,test,notumor,notumor,0,2,True,False
Training/notumor/Tr-no_987.jpg,Testing/notumor/Te-no_78.jpg,train,test,notumor,notumor,0,0,True,False
Training/notumor/Tr-no_99.jpg,Testing/notumor/Te-no_241.jpg,train,test,notumor,notumor,0,0,True,False
Training/notumor/Tr-no_991.jpg,Testing/notumor/Te-no_17.jpg,train,test,notumor,notumor,0,0,True,False
Training/notumor/Tr-no_995.jpg,Testing/notumor/Te-no_330.jpg,train,test,notumor,notumor,0,0,True,False
Training/notumor/Tr-no_996.jpg,Testing/notumor/Te-no_269.jpg,train,test,notumor,notumor,0,0,True,False
Training/notumor/Tr-no_996.jpg,Testing/notumor/Te-no_53.jpg,train,test,notumor,notumor,0,0,True,False
Training/pituitary/Tr-pi_142.jpg,Testing/pituitary/Te-pi_395.jpg,train,test,pituitary,pituitary,8,0,True,False
Training/pituitary/Tr-pi_281.jpg,Testing/pituitary/Te-pi_232.jpg,train,test,pituitary,pituitary,8,0,True,False
Training/pituitary/Tr-pi_325.jpg,Testing/pituitary/Te-pi_318.jpg,train,test,pituitary,pituitary,30,0,True,False
Training/pituitary/Tr-pi_651.jpg,Testing/pituitary/Te-pi_232.jpg,train,test,pituitary,pituitary,4,0,True,False
Training/pituitary/Tr-pi_778.jpg,Testing/pituitary/Te-pi_296.jpg,train,test,pituitary,pituitary,8,0,True,False
Training/pituitary/Tr-pi_909.jpg,Testing/pituitary/Te-pi_238.jpg,train,test,pituitary,pituitary,0,6,True,False
Training/pituitary/Tr-pi_939.jpg,Testing/pituitary/Te-pi_158.jpg,train,test,pituitary,pituitary,6,0,True,False
Training/pituitary/Tr-pi_996.jpg,Testing/pituitary/Te-pi_273.jpg,train,test,pituitary,pituitary,0,10,True,False
Testing/glioma/Te-gl_68.jpg,Testing/meningioma/Te-me_50.jpg,test,test,glioma,meningioma,2,0,False,True
Testing/glioma/Te-gl_68.jpg,Testing/meningioma/Te-me_61.jpg,test,test,glioma,meningioma,2,0,False,True
Testing/glioma/Te-gl_68.jpg,Testing/meningioma/Te-me_96.jpg,test,test,glioma,meningioma,0,0,False,True
